INSERT INTO Carros (id_carro, placa, ano, modelo, disponibilidade, tipo) VALUES
(4, 'ABC1234', 2020, 'Toyota Corolla', 'Disponível', 'Sedan'),
(5, 'DEF5678', 2019, 'Honda Civic', 'Alugado', 'Sedan'),
(6, 'GHI9012', 2021, 'Ford Mustang', 'Disponível', 'Esportivo'),
(7, 'JKL3456', 2018, 'Chevrolet Camaro', 'Em manutenção', 'Esportivo'),
(8, 'MNO7890', 2022, 'Volkswagen Golf', 'Disponível', 'Hatch'),
(9, 'PQR2345', 2020, 'Renault Sandero', 'Alugado', 'Hatch'),
(10, 'STU6789', 2021, 'Fiat Toro', 'Disponível', 'Pickup');

INSERT INTO Cliente (id_cliente, nome, email, telefone, endereco, cidade, estado, id_agencia) VALUES
(6, 'João Silva', 'joao.silva@example.com', '(11) 98765-4321', 'Rua A, 123', 'São Paulo', 'SP', 1),
(7, 'Maria Oliveira', 'maria.oliveira@example.com', '(21) 98765-4322', 'Avenida B, 456', 'Rio de Janeiro', 'RJ', 2),
(8, 'Carlos Pereira', 'carlos.pereira@example.com', '(31) 98765-4323', 'Praça C, 789', 'Belo Horizonte', 'MG', 3),
(9, 'Ana Souza', 'ana.souza@example.com', '(41) 98765-4324', 'Rua D, 101', 'Curitiba', 'PR', 4),
(10, 'Luiz Santos', 'luiz.santos@example.com', '(51) 98765-4325', 'Avenida E, 202', 'Porto Alegre', 'RS', 5);

INSERT INTO Agencia (id_agencia, num_agencia, contato, endereco, cidade, estado, id_carro) VALUES
(1, 101, 'contato1@agencia.com', 'Rua Alpha, 10', 'São Paulo', 'SP', 1),
(2, 102, 'contato2@agencia.com', 'Avenida Beta, 20', 'Rio de Janeiro', 'RJ', 2),
(3, 103, 'contato3@agencia.com', 'Praça Gamma, 30', 'Belo Horizonte', 'MG', 3),
(4, 104, 'contato4@agencia.com', 'Rua Delta, 40', 'Curitiba', 'PR', 4),
(5, 105, 'contato5@agencia.com', 'Avenida Epsilon, 50', 'Porto Alegre', 'RS', 5),
(6, 106, 'contato6@agencia.com', 'Rua Zeta, 60', 'Salvador', 'BA', 6),
(7, 107, 'contato7@agencia.com', 'Avenida Eta, 70', 'Fortaleza', 'CE', 7),
(8, 108, 'contato8@agencia.com', 'Praça Theta, 80', 'Manaus', 'AM', 8),
(9, 109, 'contato9@agencia.com', 'Rua Iota, 90', 'Recife', 'PE', 9),
(10, 110, 'contato10@agencia.com', 'Avenida Kappa, 100', 'Brasília', 'DF', 10);

INSERT INTO Devolucao (id_devolucao, data_devolucao, condicao_veiculo, custos_adicionais, id_carro) VALUES
(1, '2024-05-01', 'Boa', 50.00, 1),
(2, '2024-05-02', 'Regular', 75.00, 2),
(3, '2024-05-03', 'Excelente', 0.00, 3),
(4, '2024-05-04', 'Ruim', 150.00, 4),
(5, '2024-05-05', 'Boa', 20.00, 5),
(6, '2024-05-06', 'Excelente', 0.00, 6),
(7, '2024-05-07', 'Regular', 60.00, 7),
(8, '2024-05-08', 'Boa', 40.00, 8),
(9, '2024-05-09', 'Ruim', 200.00, 9),
(10, '2024-05-10', 'Excelente', 0.00, 10);

INSERT INTO Funcionario (id_funcionario, nome, email, telefone, cargo, data_contratacao, id_agencia) VALUES
(6, 'Luiza Mendes', 'luiza.mendes@example.com', '(61) 96789-0123', 'Gerente', '2020-06-15', 6),
(7, 'Pedro Santos', 'pedro.santos@example.com', '(71) 97890-1234', 'Atendente', '2021-07-20', 7),
(8, 'Juliana Almeida', 'juliana.almeida@example.com', '(81) 98901-2345', 'Mecânico', '2019-08-10', 8),
(9, 'Marcelo Lima', 'marcelo.lima@example.com', '(91) 99012-3456', 'Recepcionista', '2022-09-25', 9),
(10, 'Patrícia Rocha', 'patricia.rocha@example.com', '(101) 90123-4567', 'Vendedor', '2018-10-30', 10);

INSERT INTO Manutencao (id_manutencao, data_manutencao, descricao, custo, id_carro) VALUES
(1, '2024-01-10', 'Troca de óleo', 150.00, 1),
(2, '2024-02-15', 'Substituição de freios', 300.00, 2),
(3, '2024-03-20', 'Alinhamento e balanceamento', 100.00, 3),
(4, '2024-04-25', 'Troca de pneus', 600.00, 4),
(5, '2024-05-30', 'Revisão geral', 250.00, 5),
(6, '2024-06-05', 'Reparo no motor', 1200.00, 6),
(7, '2024-07-10', 'Troca de bateria', 400.00, 7),
(8, '2024-08-15', 'Substituição de amortecedores', 800.00, 8),
(9, '2024-09-20', 'Troca de correia dentada', 350.00, 9),
(10, '2024-10-25', 'Troca de pastilhas de freio', 150.00, 10);

INSERT INTO Reserva (id_reserva, data_reserva, data_devolucao, placa) VALUES
(2, '2024-06-01', '2024-06-05', 'ABC1234'),
(3, '2024-06-02', '2024-06-06', 'DEF5678'),
(4, '2024-06-03', '2024-06-07', 'GHI9012'),
(5, '2024-06-04', '2024-06-08', 'JKL3456'),
(6, '2024-06-05', '2024-06-09', 'MNO7890'),
(7, '2024-06-06', '2024-06-10', 'PQR2345'),
(8, '2024-06-07', '2024-06-11', 'STU6789'),
(9, '2024-06-08', '2024-06-12', 'VWX1234'),
(10, '2024-06-09', '2024-06-13', 'YZA5678');

INSERT INTO Seguro (id_seguro, seguradora, tipo_seguro, cobertura, data_inicio, data_fim, valor, id_carro) VALUES
(1, 'Seguradora A', 'Seguro Total', 'Cobre todos os danos', '2024-01-01', '2024-12-31', 1000.00, 1),
(2, 'Seguradora B', 'Seguro Parcial', 'Cobre danos parciais', '2024-02-01', '2024-12-31', 500.00, 2),
(3, 'Seguradora C', 'Seguro Total', 'Cobre todos os danos', '2024-03-01', '2024-12-31', 1200.00, 3),
(4, 'Seguradora D', 'Seguro Parcial', 'Cobre danos parciais', '2024-04-01', '2024-12-31', 600.00, 4),
(5, 'Seguradora E', 'Seguro Total', 'Cobre todos os danos', '2024-05-01', '2024-12-31', 1100.00, 5),
(6, 'Seguradora F', 'Seguro Parcial', 'Cobre danos parciais', '2024-06-01', '2024-12-31', 550.00, 6),
(7, 'Seguradora G', 'Seguro Total', 'Cobre todos os danos', '2024-07-01', '2024-12-31', 1300.00, 7),
(8, 'Seguradora H', 'Seguro Parcial', 'Cobre danos parciais', '2024-08-01', '2024-12-31', 700.00, 8),
(9, 'Seguradora I', 'Seguro Total', 'Cobre todos os danos', '2024-09-01', '2024-12-31', 1400.00, 9),
(10, 'Seguradora J', 'Seguro Parcial', 'Cobre danos parciais', '2024-10-01', '2024-12-31', 800.00, 10);

INSERT INTO Carros (id_carro, placa, ano, modelo, disponibilidade, tipo) VALUES
(11, 'VWX1234', 2017, 'Jeep Renegade', 'Em manutenção', 'SUV'),
(12, 'YZA5678', 2019, 'Hyundai Tucson', 'Disponível', 'SUV'),
(13, 'BCD9012', 2020, 'Nissan Sentra', 'Alugado', 'Sedan'),
(14, 'EFG3456', 2016, 'Toyota Hilux', 'Disponível', 'Pickup'),
(15, 'HIJ7890', 2018, 'Ford Ranger', 'Alugado', 'Pickup'),
(16, 'KLM1234', 2023, 'Chevrolet Onix', 'Disponível', 'Hatch'),
(17, 'NOP5678', 2017, 'Volkswagen Polo', 'Em manutenção', 'Hatch'),
(18, 'QRS9012', 2022, 'Honda Fit', 'Disponível', 'Hatch'),
(19, 'TUV3456', 2019, 'Fiat Argo', 'Alugado', 'Hatch'),
(20, 'WXY7890', 2021, 'Renault Kwid', 'Disponível', 'Hatch'),
(21, 'ABC5678', 2015, 'Toyota Corolla', 'Alugado', 'Sedan'),
(22, 'DEF9012', 2018, 'Honda Civic', 'Disponível', 'Sedan'),
(23, 'GHI2345', 2020, 'Ford Fusion', 'Em manutenção', 'Sedan'),
(24, 'JKL6789', 2017, 'Chevrolet Cruze', 'Disponível', 'Sedan'),
(25, 'MNO1234', 2023, 'Volkswagen Virtus', 'Alugado', 'Sedan');

INSERT INTO Cliente (id_cliente, nome, email, telefone, endereco, cidade, estado, id_agencia) VALUES
(11, 'Fernanda Costa', 'fernanda.costa@example.com', '(61) 98765-4326', 'Rua F, 303', 'Brasília', 'DF', 6),
(12, 'Ricardo Lima', 'ricardo.lima@example.com', '(71) 98765-4327', 'Avenida G, 404', 'Salvador', 'BA', 7),
(13, 'Camila Martins', 'camila.martins@example.com', '(81) 98765-4328', 'Praça H, 505', 'Recife', 'PE', 8),
(14, 'Gabriel Santos', 'gabriel.santos@example.com', '(91) 98765-4329', 'Rua I, 606', 'Belém', 'PA', 9),
(15, 'Mariana Oliveira', 'mariana.oliveira@example.com', '(101) 98765-4330', 'Avenida J, 707', 'Manaus', 'AM', 10),
(16, 'Pedro Silva', 'pedro.silva@example.com', '(11) 98765-4331', 'Rua K, 808', 'São Paulo', 'SP', 1),
(17, 'Luciana Pereira', 'luciana.pereira@example.com', '(21) 98765-4332', 'Avenida L, 909', 'Rio de Janeiro', 'RJ', 2),
(18, 'Fábio Souza', 'fabio.souza@example.com', '(31) 98765-4333', 'Praça M, 1010', 'Belo Horizonte', 'MG', 3),
(19, 'Carla Santos', 'carla.santos@example.com', '(41) 98765-4334', 'Rua N, 1111', 'Curitiba', 'PR', 4),
(20, 'Renato Oliveira', 'renato.oliveira@example.com', '(51) 98765-4335', 'Avenida O, 1212', 'Porto Alegre', 'RS', 5),
(21, 'Isabela Costa', 'isabela.costa@example.com', '(61) 98765-4336', 'Rua P, 1313', 'Brasília', 'DF', 6),
(22, 'Thiago Lima', 'thiago.lima@example.com', '(71) 98765-4337', 'Avenida Q, 1414', 'Salvador', 'BA', 7),
(23, 'Aline Martins', 'aline.martins@example.com', '(81) 98765-4338', 'Praça R, 1515', 'Recife', 'PE', 8),
(24, 'Diego Santos', 'diego.santos@example.com', '(91) 98765-4339', 'Rua S, 1616', 'Belém', 'PA', 9),
(25, 'Tatiane Oliveira', 'tatiane.oliveira@example.com', '(101) 98765-4340', 'Avenida T, 1717', 'Manaus', 'AM', 10);

INSERT INTO Agencia (id_agencia, num_agencia, contato, endereco, cidade, estado, id_carro) VALUES
(11, 111, 'contato11@agencia.com', 'Rua Lambda, 110', 'Goiânia', 'GO', 11),
(12, 112, 'contato12@agencia.com', 'Avenida Mu, 120', 'Florianópolis', 'SC', 12),
(13, 113, 'contato13@agencia.com', 'Praça Nu, 130', 'Cuiabá', 'MT', 13),
(14, 114, 'contato14@agencia.com', 'Rua Xi, 140', 'Natal', 'RN', 14),
(15, 115, 'contato15@agencia.com', 'Avenida Omicron, 150', 'Campo Grande', 'MS', 15),
(16, 116, 'contato16@agencia.com', 'Rua Pi, 160', 'Teresina', 'PI', 16),
(17, 117, 'contato17@agencia.com', 'Praça Rho, 170', 'João Pessoa', 'PB', 17),
(18, 118, 'contato18@agencia.com', 'Avenida Sigma, 180', 'Vitória', 'ES', 18),
(19, 119, 'contato19@agencia.com', 'Rua Tau, 190', 'São Luís', 'MA', 19),
(20, 120, 'contato20@agencia.com', 'Praça Úpsilon, 200', 'Maceió', 'AL', 20),
(21, 121, 'contato21@agencia.com', 'Avenida Phi, 210', 'Aracaju', 'SE', 21),
(22, 122, 'contato22@agencia.com', 'Rua Chi, 220', 'Porto Velho', 'RO', 22),
(23, 123, 'contato23@agencia.com', 'Praça Psi, 230', 'Boa Vista', 'RR', 23),
(24, 124, 'contato24@agencia.com', 'Avenida Omega, 240', 'Palmas', 'TO', 24),
(25, 125, 'contato25@agencia.com', 'Rua Beta, 250', 'Rio Branco', 'AC', 25);

INSERT INTO Devolucao (id_devolucao, data_devolucao, condicao_veiculo, custos_adicionais, id_carro) VALUES
(11, '2024-05-11', 'Boa', 30.00, 11),
(12, '2024-05-12', 'Regular', 70.00, 12),
(13, '2024-05-13', 'Excelente', 0.00, 13),
(14, '2024-05-14', 'Ruim', 120.00, 14),
(15, '2024-05-15', 'Boa', 25.00, 15),
(16, '2024-05-16', 'Excelente', 0.00, 16),
(17, '2024-05-17', 'Regular', 55.00, 17),
(18, '2024-05-18', 'Boa', 35.00, 18),
(19, '2024-05-19', 'Ruim', 180.00, 19),
(20, '2024-05-20', 'Excelente', 0.00, 20),
(21, '2024-05-21', 'Boa', 28.00, 21),
(22, '2024-05-22', 'Regular', 65.00, 22),
(23, '2024-05-23', 'Excelente', 0.00, 23),
(24, '2024-05-24', 'Ruim', 130.00, 24),
(25, '2024-05-25', 'Boa', 22.00, 25);

INSERT INTO Funcionario (id_funcionario, nome, email, telefone, cargo, data_contratacao, id_agencia) VALUES
(11, 'Renata Oliveira', 'renata.oliveira@example.com', '(111) 91123-4567', 'Gerente', '2020-11-15', 11),
(12, 'Gustavo Santos', 'gustavo.santos@example.com', '(121) 92134-5678', 'Atendente', '2021-12-20', 12),
(13, 'Fernanda Almeida', 'fernanda.almeida@example.com', '(131) 93145-6789', 'Mecânico', '2019-01-10', 13),
(14, 'Ricardo Lima', 'ricardo.lima@example.com', '(141) 94156-7890', 'Recepcionista', '2022-02-25', 14),
(15, 'Amanda Rocha', 'amanda.rocha@example.com', '(151) 95167-8901', 'Vendedor', '2018-03-30', 15),
(16, 'Mariana Santos', 'mariana.santos@example.com', '(161) 96178-9012', 'Gerente', '2020-04-15', 16),
(17, 'Lucas Oliveira', 'lucas.oliveira@example.com', '(171) 97189-0123', 'Atendente', '2021-05-20', 17),
(18, 'Carolina Almeida', 'carolina.almeida@example.com', '(181) 98190-1234', 'Mecânico', '2019-06-10', 18),
(19, 'Thiago Lima', 'thiago.lima@example.com', '(191) 99201-2345', 'Recepcionista', '2022-07-25', 19),
(20, 'Gabriela Rocha', 'gabriela.rocha@example.com', '(201) 90212-3456', 'Vendedor', '2018-08-30', 20),
(21, 'Eduardo Santos', 'eduardo.santos@example.com', '(211) 91223-4567', 'Gerente', '2020-09-15', 21),
(22, 'Camila Oliveira', 'camila.oliveira@example.com', '(221) 92234-5678', 'Atendente', '2021-10-20', 22),
(23, 'Guilherme Almeida', 'guilherme.almeida@example.com', '(231) 93245-6789', 'Mecânico', '2019-11-10', 23),
(24, 'Patrícia Lima', 'patricia.lima@example.com', '(241) 94256-7890', 'Recepcionista', '2022-12-25', 24),
(25, 'Fernando Rocha', 'fernando.rocha@example.com', '(251) 95267-8901', 'Vendedor', '2018-01-30', 25);

INSERT INTO Manutencao (id_manutencao, data_manutencao, descricao, custo, id_carro) VALUES
(11, '2024-11-05', 'Troca de filtro de ar', 50.00, 11),
(12, '2024-12-10', 'Reparo na suspensão', 400.00, 12),
(13, '2025-01-15', 'Alinhamento e balanceamento', 100.00, 13),
(14, '2025-02-20', 'Reparo na transmissão', 700.00, 14),
(15, '2025-03-25', 'Troca de óleo', 150.00, 15),
(16, '2025-04-30', 'Substituição de amortecedores', 800.00, 16),
(17, '2025-05-05', 'Reparo no sistema elétrico', 500.00, 17),
(18, '2025-06-10', 'Troca de pastilhas de freio', 150.00, 18),
(19, '2025-07-15', 'Substituição de correia dentada', 350.00, 19),
(20, '2025-08-20', 'Revisão geral', 250.00, 20),
(21, '2025-09-25', 'Reparo no sistema de ar condicionado', 600.00, 21),
(22, '2025-10-30', 'Troca de velas', 80.00, 22),
(23, '2025-11-05', 'Substituição de pneus', 600.00, 23),
(24, '2025-12-10', 'Reparo no sistema de injeção', 900.00, 24),
(25, '2026-01-15', 'Troca de bateria', 400.00, 25);

INSERT INTO Reserva (id_reserva, data_reserva, data_devolucao, placa) VALUES
(11, '2024-06-10', '2024-06-14', 'BCD9012'),
(12, '2024-06-11', '2024-06-15', 'EFG3456'),
(13, '2024-06-12', '2024-06-16', 'HIJ7890'),
(14, '2024-06-13', '2024-06-17', 'KLM1234'),
(15, '2024-06-14', '2024-06-18', 'NOP5678'),
(16, '2024-06-15', '2024-06-19', 'QRS9012'),
(17, '2024-06-16', '2024-06-20', 'TUV3456'),
(18, '2024-06-17', '2024-06-21', 'WXY7890'),
(19, '2024-06-18', '2024-06-22', 'ABC5678'),
(20, '2024-06-19', '2024-06-23', 'DEF9012'),
(21, '2024-06-20', '2024-06-24', 'GHI2345'),
(22, '2024-06-21', '2024-06-25', 'JKL6789'),
(23, '2024-06-22', '2024-06-26', 'MNO1234'),
(24, '2024-06-23', '2024-06-27', 'PQR5678'),
(25, '2024-06-24', '2024-06-28', 'STU9012');

INSERT INTO Seguro (id_seguro, seguradora, tipo_seguro, cobertura, data_inicio, data_fim, valor, id_carro) VALUES
(11, 'Seguradora K', 'Seguro Total', 'Cobre todos os danos', '2024-11-01', '2024-12-31', 1500.00, 11),
(12, 'Seguradora L', 'Seguro Parcial', 'Cobre danos parciais', '2024-12-01', '2024-12-31', 900.00, 12),
(13, 'Seguradora M', 'Seguro Total', 'Cobre todos os danos', '2025-01-01', '2024-12-31', 1600.00, 13),
(14, 'Seguradora N', 'Seguro Parcial', 'Cobre danos parciais', '2025-02-01', '2024-12-31', 1000.00, 14),
(15, 'Seguradora O', 'Seguro Total', 'Cobre todos os danos', '2025-03-01', '2024-12-31', 1700.00, 15),
(16, 'Seguradora P', 'Seguro Parcial', 'Cobre danos parciais', '2025-04-01', '2024-12-31', 1100.00, 16),
(17, 'Seguradora Q', 'Seguro Total', 'Cobre todos os danos', '2025-05-01', '2024-12-31', 1800.00, 17),
(18, 'Seguradora R', 'Seguro Parcial', 'Cobre danos parciais', '2025-06-01', '2024-12-31', 1200.00, 18),
(19, 'Seguradora S', 'Seguro Total', 'Cobre todos os danos', '2025-07-01', '2024-12-31', 1900.00, 19),
(20, 'Seguradora T', 'Seguro Parcial', 'Cobre danos parciais', '2025-08-01', '2024-12-31', 1300.00, 20),
(21, 'Seguradora U', 'Seguro Total', 'Cobre todos os danos', '2025-09-01', '2024-12-31', 2000.00, 21),
(22, 'Seguradora V', 'Seguro Parcial', 'Cobre danos parciais', '2025-10-01', '2024-12-31', 1400.00, 22),
(23, 'Seguradora W', 'Seguro Total', 'Cobre todos os danos', '2025-11-01', '2024-12-31', 2100.00, 23),
(24, 'Seguradora X', 'Seguro Parcial', 'Cobre danos parciais', '2025-12-01', '2024-12-31', 1500.00, 24),
(25, 'Seguradora Y', 'Seguro Total', 'Cobre todos os danos', '2026-01-01', '2024-12-31', 2200.00, 25);

INSERT INTO Carros (id_carro, placa, ano, modelo, disponibilidade, tipo) VALUES
(26, 'PQR5678', 2019, 'Fiat Toro', 'Disponível', 'Pickup'),
(27, 'STU9012', 2020, 'Mitsubishi L200', 'Alugado', 'Pickup'),
(28, 'VWX2345', 2018, 'Chevrolet S10', 'Em manutenção', 'Pickup'),
(29, 'YZA6789', 2021, 'Toyota RAV4', 'Disponível', 'SUV'),
(30, 'BCD1234', 2017, 'Nissan Kicks', 'Alugado', 'SUV'),
(31, 'EFG5678', 2020, 'Jeep Compass', 'Disponível', 'SUV'),
(32, 'HIJ9012', 2016, 'Hyundai Creta', 'Em manutenção', 'SUV'),
(33, 'KLM2345', 2019, 'Renault Duster', 'Disponível', 'SUV'),
(34, 'NOP6789', 2018, 'Ford EcoSport', 'Alugado', 'SUV'),
(35, 'QRS1234', 2017, 'Volkswagen T-Cross', 'Disponível', 'SUV'),
(36, 'TUV5678', 2022, 'Honda HR-V', 'Em manutenção', 'SUV'),
(37, 'WXY9012', 2015, 'Toyota Hilux SW4', 'Disponível', 'SUV'),
(38, 'ABC1235', 2018, 'Chevrolet Tracker', 'Alugado', 'SUV'),
(39, 'DEF5679', 2020, 'Kia Sportage', 'Disponível', 'SUV'),
(40, 'GHI9013', 2017, 'Mitsubishi Outlander', 'Em manutenção', 'SUV'),
(41, 'JKL2346', 2023, 'Subaru Forester', 'Disponível', 'SUV'),
(42, 'MNO5670', 2019, 'Audi Q3', 'Alugado', 'SUV'),
(43, 'PQR9014', 2016, 'BMW X1', 'Disponível', 'SUV'),
(44, 'STU2347', 2021, 'Mercedes-Benz GLA', 'Em manutenção', 'SUV'),
(45, 'VWX5671', 2015, 'Lexus RX', 'Disponível', 'SUV');

INSERT INTO Cliente (id_cliente, nome, email, telefone, endereco, cidade, estado, id_agencia) VALUES
(26, 'Marcos Silva', 'marcos.silva@example.com', '(11) 98765-4341', 'Rua U, 1818', 'São Paulo', 'SP', 1),
(27, 'Juliana Pereira', 'juliana.pereira@example.com', '(21) 98765-4342', 'Avenida V, 1919', 'Rio de Janeiro', 'RJ', 2),
(28, 'Lucas Souza', 'lucas.souza@example.com', '(31) 98765-4343', 'Praça W, 2020', 'Belo Horizonte', 'MG', 3),
(29, 'Roberta Santos', 'roberta.santos@example.com', '(41) 98765-4344', 'Rua X, 2121', 'Curitiba', 'PR', 4),
(30, 'Fernando Oliveira', 'fernando.oliveira@example.com', '(51) 98765-4345', 'Avenida Y, 2222', 'Porto Alegre', 'RS', 5),
(31, 'Giovanna Costa', 'giovanna.costa@example.com', '(61) 98765-4346', 'Rua Z, 2323', 'Brasília', 'DF', 6),
(32, 'Rodrigo Lima', 'rodrigo.lima@example.com', '(71) 98765-4347', 'Avenida AA, 2424', 'Salvador', 'BA', 7),
(33, 'Amanda Martins', 'amanda.martins@example.com', '(81) 98765-4348', 'Praça BB, 2525', 'Recife', 'PE', 8),
(34, 'Marcela Santos', 'marcela.santos@example.com', '(91) 98765-4349', 'Rua CC, 2626', 'Belém', 'PA', 9),
(35, 'Vitor Oliveira', 'vitor.oliveira@example.com', '(101) 98765-4350', 'Avenida DD, 2727', 'Manaus', 'AM', 10),
(36, 'Patrícia Silva', 'patricia.silva@example.com', '(11) 98765-4351', 'Rua EE, 2828', 'São Paulo', 'SP', 1),
(37, 'Rafael Pereira', 'rafael.pereira@example.com', '(21) 98765-4352', 'Avenida FF, 2929', 'Rio de Janeiro', 'RJ', 2),
(38, 'Vanessa Souza', 'vanessa.souza@example.com', '(31) 98765-4353', 'Praça GG, 3030', 'Belo Horizonte', 'MG', 3),
(39, 'Guilherme Santos', 'guilherme.santos@example.com', '(41) 98765-4354', 'Rua HH, 3131', 'Curitiba', 'PR', 4),
(40, 'Carolina Oliveira', 'carolina.oliveira@example.com', '(51) 98765-4355', 'Avenida II, 3232', 'Porto Alegre', 'RS', 5),
(41, 'José Costa', 'jose.costa@example.com', '(61) 98765-4356', 'Rua JJ, 3333', 'Brasília', 'DF', 6),
(42, 'Bruna Lima', 'bruna.lima@example.com', '(71) 98765-4357', 'Avenida KK, 3434', 'Salvador', 'BA', 7),
(43, 'Daniel Martins', 'daniel.martins@example.com', '(81) 98765-4358', 'Praça LL, 3535', 'Recife', 'PE', 8),
(44, 'Tatiana Santos', 'tatiana.santos@example.com', '(91) 98765-4359', 'Rua MM, 3636', 'Belém', 'PA', 9),
(45, 'Lucas Oliveira', 'lucas.oliveira@example.com', '(101) 98765-4360', 'Avenida NN, 3737', 'Manaus', 'AM', 10);

INSERT INTO Agencia (id_agencia, num_agencia, contato, endereco, cidade, estado, id_carro) VALUES
(26, 126, 'contato26@agencia.com', 'Rua Gamma, 260', 'Boa Vista', 'RR', 26),
(27, 127, 'contato27@agencia.com', 'Avenida Delta, 270', 'Palmas', 'TO', 27),
(28, 128, 'contato28@agencia.com', 'Praça Epsilon, 280', 'Rio Branco', 'AC', 28),
(29, 129, 'contato29@agencia.com', 'Rua Zeta, 290', 'Macapá', 'AP', 29),
(30, 130, 'contato30@agencia.com', 'Avenida Eta, 300', 'São Paulo', 'SP', 30),
(31, 131, 'contato31@agencia.com', 'Praça Theta, 310', 'Rio de Janeiro', 'RJ', 31),
(32, 132, 'contato32@agencia.com', 'Rua Iota, 320', 'Belo Horizonte', 'MG', 32),
(33, 133, 'contato33@agencia.com', 'Avenida Kappa, 330', 'Curitiba', 'PR', 33),
(34, 134, 'contato34@agencia.com', 'Praça Lambda, 340', 'Porto Alegre', 'RS', 34),
(35, 135, 'contato35@agencia.com', 'Rua Mu, 350', 'Brasília', 'DF', 35),
(36, 136, 'contato36@agencia.com', 'Avenida Nu, 360', 'Salvador', 'BA', 36),
(37, 137, 'contato37@agencia.com', 'Praça Xi, 370', 'Recife', 'PE', 37),
(38, 138, 'contato38@agencia.com', 'Rua Omicron, 380', 'Belém', 'PA', 38),
(39, 139, 'contato39@agencia.com', 'Avenida Pi, 390', 'Manaus', 'AM', 39),
(40, 140, 'contato40@agencia.com', 'Praça Rho, 400', 'Goiânia', 'GO', 40),
(41, 141, 'contato41@agencia.com', 'Rua Sigma, 410', 'Florianópolis', 'SC', 41),
(42, 142, 'contato42@agencia.com', 'Avenida Tau, 420', 'Cuiabá', 'MT', 42),
(43, 143, 'contato43@agencia.com', 'Praça Úpsilon, 430', 'Natal', 'RN', 43),
(44, 144, 'contato44@agencia.com', 'Rua Phi, 440', 'Campo Grande', 'MS', 44),
(45, 145, 'contato45@agencia.com', 'Avenida Chi, 450', 'Teresina', 'PI', 45);

INSERT INTO Devolucao (id_devolucao, data_devolucao, condicao_veiculo, custos_adicionais, id_carro) VALUES
(26, '2024-05-26', 'Regular', 75.00, 26),
(27, '2024-05-27', 'Boa', 40.00, 27),
(28, '2024-05-28', 'Excelente', 0.00, 28),
(29, '2024-05-29', 'Ruim', 150.00, 29),
(30, '2024-05-30', 'Boa', 30.00, 30),
(31, '2024-05-31', 'Excelente', 0.00, 31),
(32, '2024-06-01', 'Regular', 60.00, 32),
(33, '2024-06-02', 'Boa', 45.00, 33),
(34, '2024-06-03', 'Ruim', 200.00, 34),
(35, '2024-06-04', 'Excelente', 0.00, 35),
(36, '2024-06-05', 'Boa', 35.00, 36),
(37, '2024-06-06', 'Regular', 70.00, 37),
(38, '2024-06-07', 'Excelente', 0.00, 38),
(39, '2024-06-08', 'Ruim', 160.00, 39),
(40, '2024-06-09', 'Boa', 25.00, 40),
(41, '2024-06-10', 'Excelente', 0.00, 41),
(42, '2024-06-11', 'Regular', 65.00, 42),
(43, '2024-06-12', 'Boa', 38.00, 43),
(44, '2024-06-13', 'Ruim', 180.00, 44),
(45, '2024-06-14', 'Excelente', 0.00, 45);

INSERT INTO Funcionario (id_funcionario, nome, email, telefone, cargo, data_contratacao, id_agencia) VALUES
(26, 'Marcela Santos', 'marcela.santos@example.com', '(261) 96278-9012', 'Gerente', '2020-02-15', 26),
(27, 'Rafael Oliveira', 'rafael.oliveira@example.com', '(271) 97289-0123', 'Atendente', '2021-03-20', 27),
(28, 'Isabela Almeida', 'isabela.almeida@example.com', '(281) 98290-1234', 'Mecânico', '2019-04-10', 28),
(29, 'José Lima', 'jose.lima@example.com', '(291) 99301-2345', 'Recepcionista', '2022-05-25', 29),
(30, 'Mariana Rocha', 'mariana.rocha@example.com', '(301) 90312-3456', 'Vendedor', '2018-06-30', 30),
(31, 'Felipe Santos', 'felipe.santos@example.com', '(311) 91323-4567', 'Gerente', '2020-07-15', 31),
(32, 'Juliana Oliveira', 'juliana.oliveira@example.com', '(321) 92334-5678', 'Atendente', '2021-08-20', 32),
(33, 'Roberto Almeida', 'roberto.almeida@example.com', '(331) 93345-6789', 'Mecânico', '2019-09-10', 33),
(34, 'Aline Lima', 'aline.lima@example.com', '(341) 94356-7890', 'Recepcionista', '2022-10-25', 34),
(35, 'Carlos Rocha', 'carlos.rocha@example.com', '(351) 95367-8901', 'Vendedor', '2018-11-30', 35),
(36, 'Vanessa Santos', 'vanessa.santos@example.com', '(361) 96378-9012', 'Gerente', '2020-01-15', 36),
(37, 'Lucas Oliveira', 'lucas.oliveira@example.com', '(371) 97389-0123', 'Atendente', '2021-02-20', 37),
(38, 'Carla Almeida', 'carla.almeida@example.com', '(381) 98390-1234', 'Mecânico', '2019-03-10', 38),
(39, 'Pedro Lima', 'pedro.lima@example.com', '(391) 99401-2345', 'Recepcionista', '2022-04-25', 39),
(40, 'Fernanda Rocha', 'fernanda.rocha@example.com', '(401) 90412-3456', 'Vendedor', '2018-05-30', 40),
(41, 'Gustavo Santos', 'gustavo.santos@example.com', '(411) 91423-4567', 'Gerente', '2020-06-15', 41),
(42, 'Bianca Oliveira', 'bianca.oliveira@example.com', '(421) 92434-5678', 'Atendente', '2021-07-20', 42),
(43, 'Rodrigo Almeida', 'rodrigo.almeida@example.com', '(431) 93445-6789', 'Mecânico', '2019-08-10', 43),
(44, 'Amanda Lima', 'amanda.lima@example.com', '(441) 94456-7890', 'Recepcionista', '2022-09-25', 44),
(45, 'Thiago Rocha', 'thiago.rocha@example.com', '(451) 95467-8901', 'Vendedor', '2018-10-30', 45);

INSERT INTO Manutencao (id_manutencao, data_manutencao, descricao, custo, id_carro) VALUES
(26, '2026-02-20', 'Troca de filtro de ar', 50.00, 26),
(27, '2026-03-25', 'Reparo na suspensão', 400.00, 27),
(28, '2026-04-30', 'Alinhamento e balanceamento', 100.00, 28),
(29, '2026-05-05', 'Reparo na transmissão', 700.00, 29),
(30, '2026-06-10', 'Troca de óleo', 150.00, 30),
(31, '2026-07-15', 'Substituição de amortecedores', 800.00, 31),
(32, '2026-08-20', 'Reparo no sistema elétrico', 500.00, 32),
(33, '2026-09-25', 'Troca de pastilhas de freio', 150.00, 33),
(34, '2026-10-30', 'Substituição de correia dentada', 350.00, 34),
(35, '2026-11-05', 'Revisão geral', 250.00, 35),
(36, '2026-12-10', 'Reparo no sistema de ar condicionado', 600.00, 36),
(37, '2027-01-15', 'Troca de velas', 80.00, 37),
(38, '2027-02-20', 'Substituição de pneus', 600.00, 38),
(39, '2027-03-25', 'Reparo no sistema de injeção', 900.00, 39),
(40, '2027-04-30', 'Troca de bateria', 400.00, 40),
(41, '2027-05-05', 'Troca de filtro de ar', 50.00, 41),
(42, '2027-06-10', 'Reparo na suspensão', 400.00, 42),
(43, '2027-07-15', 'Alinhamento e balanceamento', 100.00, 43),
(44, '2027-08-20', 'Reparo na transmissão', 700.00, 44),
(45, '2027-09-25', 'Troca de óleo', 150.00, 45);

INSERT INTO Reserva (id_reserva, data_reserva, data_devolucao, placa) VALUES
(26, '2024-06-25', '2024-06-29', 'VWX1234'),
(27, '2024-06-26', '2024-06-30', 'YZA5678'),
(28, '2024-06-27', '2024-07-01', 'BCD9012'),
(29, '2024-06-28', '2024-07-02', 'EFG3456'),
(30, '2024-06-29', '2024-07-03', 'HIJ7890'),
(31, '2024-06-30', '2024-07-04', 'KLM1234'),
(32, '2024-07-01', '2024-07-05', 'NOP5678'),
(33, '2024-07-02', '2024-07-06', 'QRS9012'),
(34, '2024-07-03', '2024-07-07', 'TUV3456'),
(35, '2024-07-04', '2024-07-08', 'WXY7890'),
(36, '2024-07-05', '2024-07-09', 'ABC5678'),
(37, '2024-07-06', '2024-07-10', 'DEF9012'),
(38, '2024-07-07', '2024-07-11', 'GHI2345'),
(39, '2024-07-08', '2024-07-12', 'JKL6789'),
(40, '2024-07-09', '2024-07-13', 'MNO1234'),
(41, '2024-07-10', '2024-07-14', 'PQR5678'),
(42, '2024-07-11', '2024-07-15', 'STU9012'),
(43, '2024-07-12', '2024-07-16', 'VWX1234'),
(44, '2024-07-13', '2024-07-17', 'YZA5678'),
(45, '2024-07-14', '2024-07-18', 'BCD9012'),
(46, '2024-07-15', '2024-07-19', 'EFG3456'),
(47, '2024-07-16', '2024-07-20', 'HIJ7890'),
(48, '2024-07-17', '2024-07-21', 'KLM1234'),
(49, '2024-07-18', '2024-07-22', 'NOP5678'),
(50, '2024-07-19', '2024-07-23', 'QRS9012');

INSERT INTO Seguro (id_seguro, seguradora, tipo_seguro, cobertura, data_inicio, data_fim, valor, id_carro) VALUES
(26, 'Seguradora Z', 'Seguro Total', 'Cobre todos os danos', '2026-02-01', '2024-12-31', 2300.00, 26),
(27, 'Seguradora AA', 'Seguro Parcial', 'Cobre danos parciais', '2026-03-01', '2024-12-31', 1600.00, 27),
(28, 'Seguradora BB', 'Seguro Total', 'Cobre todos os danos', '2026-04-01', '2024-12-31', 2400.00, 28),
(29, 'Seguradora CC', 'Seguro Parcial', 'Cobre danos parciais', '2026-05-01', '2024-12-31', 1700.00, 29),
(30, 'Seguradora DD', 'Seguro Total', 'Cobre todos os danos', '2026-06-01', '2024-12-31', 2500.00, 30),
(31, 'Seguradora EE', 'Seguro Parcial', 'Cobre danos parciais', '2026-07-01', '2024-12-31', 1800.00, 31),
(32, 'Seguradora FF', 'Seguro Total', 'Cobre todos os danos', '2026-08-01', '2024-12-31', 2600.00, 32),
(33, 'Seguradora GG', 'Seguro Parcial', 'Cobre danos parciais', '2026-09-01', '2024-12-31', 1900.00, 33),
(34, 'Seguradora HH', 'Seguro Total', 'Cobre todos os danos', '2026-10-01', '2024-12-31', 2700.00, 34),
(35, 'Seguradora II', 'Seguro Parcial', 'Cobre danos parciais', '2026-11-01', '2024-12-31', 2000.00, 35),
(36, 'Seguradora JJ', 'Seguro Total', 'Cobre todos os danos', '2026-12-01', '2024-12-31', 2800.00, 36),
(37, 'Seguradora KK', 'Seguro Parcial', 'Cobre danos parciais', '2027-01-01', '2024-12-31', 2100.00, 37),
(38, 'Seguradora LL', 'Seguro Total', 'Cobre todos os danos', '2027-02-01', '2024-12-31', 2900.00, 38),
(39, 'Seguradora MM', 'Seguro Parcial', 'Cobre danos parciais', '2027-03-01', '2024-12-31', 2200.00, 39),
(40, 'Seguradora NN', 'Seguro Total', 'Cobre todos os danos', '2027-04-01', '2024-12-31', 3000.00, 40),
(41, 'Seguradora OO', 'Seguro Parcial', 'Cobre danos parciais', '2027-05-01', '2024-12-31', 2300.00, 41),
(42, 'Seguradora PP', 'Seguro Total', 'Cobre todos os danos', '2027-06-01', '2024-12-31', 3100.00, 42),
(43, 'Seguradora QQ', 'Seguro Parcial', 'Cobre danos parciais', '2027-07-01', '2024-12-31', 2400.00, 43),
(44, 'Seguradora RR', 'Seguro Total', 'Cobre todos os danos', '2027-08-01', '2024-12-31', 3200.00, 44),
(45, 'Seguradora SS', 'Seguro Parcial', 'Cobre danos parciais', '2027-09-01', '2024-12-31', 2500.00, 45);


INSERT INTO Carros (id_carro, placa, ano, modelo, disponibilidade, tipo) VALUES
(46, 'YZA9015', 2018, 'Volvo XC60', 'Disponível', 'SUV'),
(47, 'BCD2348', 2017, 'Land Rover Range Rover Evoque', 'Alugado', 'SUV'),
(48, 'EFG5672', 2020, 'Porsche Macan', 'Disponível', 'SUV'),
(49, 'HIJ9016', 2016, 'Jaguar F-Pace', 'Em manutenção', 'SUV'),
(50, 'KLM2349', 2019, 'Tesla Model X', 'Disponível', 'SUV'),
(51, 'NOP5673', 2018, 'Acura RDX', 'Alugado', 'SUV'),
(52, 'QRS9017', 2017, 'Infiniti QX50', 'Disponível', 'SUV'),
(53, 'TUV2350', 2022, 'Lincoln Corsair', 'Em manutenção', 'SUV'),
(54, 'WXY5674', 2015, 'Buick Envision', 'Disponível', 'SUV'),
(55, 'ABC9018', 2018, 'Cadillac XT5', 'Alugado', 'SUV'),
(56, 'DEF2351', 2020, 'GMC Terrain', 'Disponível', 'SUV'),
(57, 'GHI5675', 2017, 'Mazda CX-5', 'Em manutenção', 'SUV'),
(58, 'JKL9019', 2023, 'Honda Pilot', 'Disponível', 'SUV'),
(59, 'MNO2352', 2019, 'Ford Explorer', 'Alugado', 'SUV'),
(60, 'PQR5676', 2016, 'Chevrolet Blazer', 'Disponível', 'SUV'),
(61, 'STU9020', 2021, 'Dodge Durango', 'Em manutenção', 'SUV'),
(62, 'VWX2353', 2015, 'Jeep Grand Cherokee', 'Disponível', 'SUV'),
(63, 'YZA5677', 2018, 'Subaru Ascent', 'Alugado', 'SUV'),
(64, 'BCD9021', 2020, 'Nissan Murano', 'Disponível', 'SUV'),
(65, 'EFG2354', 2017, 'Toyota Highlander', 'Em manutenção', 'SUV'),
(66, 'HIJ5678', 2019, 'Kia Telluride', 'Disponível', 'SUV'),
(67, 'KLM9022', 2018, 'Hyundai Palisade', 'Alugado', 'SUV'),
(68, 'NOP2355', 2016, 'Volkswagen Atlas', 'Disponível', 'SUV'),
(69, 'QRS5679', 2021, 'Volvo XC90', 'Em manutenção', 'SUV');

INSERT INTO Cliente (id_cliente, nome, email, telefone, endereco, cidade, estado, id_agencia) VALUES
(46, 'Aline Lima', 'aline.lima@example.com', '(11) 98765-4361', 'Rua OO, 3838', 'São Paulo', 'SP', 1),
(47, 'Pedro Fernandes', 'pedro.fernandes@example.com', '(21) 98765-4362', 'Avenida PP, 3939', 'Rio de Janeiro', 'RJ', 2),
(48, 'Mariana Souza', 'mariana.souza@example.com', '(31) 98765-4363', 'Praça QQ, 4040', 'Belo Horizonte', 'MG', 3),
(49, 'Felipe Santos', 'felipe.santos@example.com', '(41) 98765-4364', 'Rua RR, 4141', 'Curitiba', 'PR', 4),
(50, 'Carla Oliveira', 'carla.oliveira@example.com', '(51) 98765-4365', 'Avenida SS, 4242', 'Porto Alegre', 'RS', 5),
(51, 'Marcos Costa', 'marcos.costa@example.com', '(61) 98765-4366', 'Rua TT, 4343', 'Brasília', 'DF', 6),
(52, 'Tatiane Lima', 'tatiane.lima@example.com', '(71) 98765-4367', 'Avenida UU, 4444', 'Salvador', 'BA', 7),
(53, 'Ricardo Martins', 'ricardo.martins@example.com', '(81) 98765-4368', 'Praça VV, 4545', 'Recife', 'PE', 8),
(54, 'Camila Santos', 'camila.santos@example.com', '(91) 98765-4369', 'Rua XX, 4646', 'Belém', 'PA', 9),
(55, 'Fábio Oliveira', 'fabio.oliveira@example.com', '(101) 98765-4370', 'Avenida YY, 4747', 'Manaus', 'AM', 10),
(56, 'Amanda Lima', 'amanda.lima@example.com', '(11) 98765-4371', 'Rua ZZ, 4848', 'São Paulo', 'SP', 1),
(57, 'Diego Pereira', 'diego.pereira@example.com', '(21) 98765-4372', 'Avenida AB, 4949', 'Rio de Janeiro', 'RJ', 2),
(58, 'Caroline Souza', 'caroline.souza@example.com', '(31) 98765-4373', 'Praça CD, 5050', 'Belo Horizonte', 'MG', 3),
(59, 'Rafaela Santos', 'rafaela.santos@example.com', '(41) 98765-4374', 'Rua EF, 5151', 'Curitiba', 'PR', 4),
(60, 'Thiago Oliveira', 'thiago.oliveira@example.com', '(51) 98765-4375', 'Avenida GH, 5252', 'Porto Alegre', 'RS', 5),
(61, 'Luana Costa', 'luana.costa@example.com', '(61) 98765-4376', 'Rua IJ, 5353', 'Brasília', 'DF', 6),
(62, 'Anderson Lima', 'anderson.lima@example.com', '(71) 98765-4377', 'Avenida KL, 5454', 'Salvador', 'BA', 7),
(63, 'Fernanda Martins', 'fernanda.martins@example.com', '(81) 98765-4378', 'Praça MN, 5555', 'Recife', 'PE', 8),
(64, 'Vinícius Santos', 'vinicius.santos@example.com', '(91) 98765-4379', 'Rua OP, 5656', 'Belém', 'PA', 9),
(65, 'Gabriela Oliveira', 'gabriela.oliveira@example.com', '(101) 98765-4380', 'Avenida QR, 5757', 'Manaus', 'AM', 10),
(66, 'Ricardo Lima', 'ricardo.lima@example.com', '(11) 98765-4381', 'Rua ST, 5858', 'São Paulo', 'SP', 1),
(67, 'Sara Pereira', 'sara.pereira@example.com', '(21) 98765-4382', 'Avenida UV, 5959', 'Rio de Janeiro', 'RJ', 2),
(68, 'Luciana Souza', 'luciana.souza@example.com', '(31) 98765-4383', 'Praça WX, 6060', 'Belo Horizonte', 'MG', 3),
(69, 'Marcelo Santos', 'marcelo.santos@example.com', '(41) 98765-4384', 'Rua YZ, 6161', 'Curitiba', 'PR', 4),
(70, 'Thaís Oliveira', 'thais.oliveira@example.com', '(51) 98765-4385', 'Avenida 1A, 6262', 'Porto Alegre', 'RS', 5);

INSERT INTO Agencia (id_agencia, num_agencia, contato, endereco, cidade, estado, id_carro) VALUES
(46, 146, 'contato46@agencia.com', 'Rua Psi, 460', 'Boa Vista', 'RR', 46),
(47, 147, 'contato47@agencia.com', 'Avenida Omega, 470', 'Palmas', 'TO', 47),
(48, 148, 'contato48@agencia.com', 'Praça Alfa, 480', 'Rio Branco', 'AC', 48),
(49, 149, 'contato49@agencia.com', 'Rua Beta, 490', 'Macapá', 'AP', 49),
(50, 150, 'contato50@agencia.com', 'Avenida Gama, 500', 'São Paulo', 'SP', 50),
(51, 151, 'contato51@agencia.com', 'Praça Delta, 510', 'Rio de Janeiro', 'RJ', 51),
(52, 152, 'contato52@agencia.com', 'Rua Epsilon, 520', 'Belo Horizonte', 'MG', 52),
(53, 153, 'contato53@agencia.com', 'Avenida Zeta, 530', 'Curitiba', 'PR', 53),
(54, 154, 'contato54@agencia.com', 'Praça Eta, 540', 'Porto Alegre', 'RS', 54),
(55, 155, 'contato55@agencia.com', 'Rua Teta, 550', 'Brasília', 'DF', 55),
(56, 156, 'contato56@agencia.com', 'Avenida Iota, 560', 'Salvador', 'BA', 56),
(57, 157, 'contato57@agencia.com', 'Praça Kappa, 570', 'Recife', 'PE', 57),
(58, 158, 'contato58@agencia.com', 'Rua Lambda, 580', 'Belém', 'PA', 58),
(59, 159, 'contato59@agencia.com', 'Avenida Mu, 590', 'Manaus', 'AM', 59),
(60, 160, 'contato60@agencia.com', 'Praça Nu, 600', 'Goiânia', 'GO', 60),
(61, 161, 'contato61@agencia.com', 'Rua Xi, 610', 'Florianópolis', 'SC', 61),
(62, 162, 'contato62@agencia.com', 'Avenida Omicron, 620', 'Cuiabá', 'MT', 62),
(63, 163, 'contato63@agencia.com', 'Praça Pi, 630', 'Natal', 'RN', 63),
(64, 164, 'contato64@agencia.com', 'Rua Rho, 640', 'Campo Grande', 'MS', 64),
(65, 165, 'contato65@agencia.com', 'Avenida Sigma, 650', 'Teresina', 'PI', 65),
(66, 166, 'contato66@agencia.com', 'Praça Tau, 660', 'Boa Vista', 'RR', 66),
(67, 167, 'contato67@agencia.com', 'Rua Úpsilon, 670', 'Palmas', 'TO', 67),
(68, 168, 'contato68@agencia.com', 'Avenida Phi, 680', 'Rio Branco', 'AC', 68),
(69, 169, 'contato69@agencia.com', 'Praça Chi, 690', 'Macapá', 'AP', 69);

INSERT INTO Devolucao (id_devolucao, data_devolucao, condicao_veiculo, custos_adicionais, id_carro) VALUES
(46, '2024-06-15', 'Regular', 80.00, 46),
(47, '2024-06-16', 'Boa', 42.00, 47),
(48, '2024-06-17', 'Excelente', 0.00, 48),
(49, '2024-06-18', 'Ruim', 170.00, 49),
(50, '2024-06-19', 'Boa', 28.00, 50),
(51, '2024-06-20', 'Excelente', 0.00, 51),
(52, '2024-06-21', 'Regular', 68.00, 52),
(53, '2024-06-22', 'Boa', 48.00, 53),
(54, '2024-06-23', 'Ruim', 220.00, 54),
(55, '2024-06-24', 'Excelente', 0.00, 55),
(56, '2024-06-25', 'Boa', 32.00, 56),
(57, '2024-06-26', 'Regular', 75.00, 57),
(58, '2024-06-27', 'Excelente', 0.00, 58),
(59, '2024-06-28', 'Ruim', 150.00, 59),
(60, '2024-06-29', 'Boa', 30.00, 60),
(61, '2024-06-30', 'Excelente', 0.00, 61),
(62, '2024-07-01', 'Regular', 60.00, 62),
(63, '2024-07-02', 'Boa', 45.00, 63),
(64, '2024-07-03', 'Ruim', 200.00, 64),
(65, '2024-07-04', 'Excelente', 0.00, 65),
(66, '2024-07-05', 'Boa', 35.00, 66),
(67, '2024-07-06', 'Regular', 70.00, 67),
(68, '2024-07-07', 'Excelente', 0.00, 68),
(69, '2024-07-08', 'Ruim', 160.00, 69);

INSERT INTO Funcionario (id_funcionario, nome, email, telefone, cargo, data_contratacao, id_agencia) VALUES
(46, 'Renata Santos', 'renata.santos@example.com', '(461) 96478-9012', 'Gerente', '2020-11-15', 46),
(47, 'Gustavo Oliveira', 'gustavo.oliveira@example.com', '(471) 97489-0123', 'Atendente', '2021-12-20', 47),
(48, 'Fernanda Almeida', 'fernanda.almeida@example.com', '(481) 98490-1234', 'Mecânico', '2019-01-10', 48),
(49, 'Ricardo Lima', 'ricardo.lima@example.com', '(491) 99501-2345', 'Recepcionista', '2022-02-25', 49),
(50, 'Amanda Rocha', 'amanda.rocha@example.com', '(501) 90512-3456', 'Vendedor', '2018-03-30', 50),
(51, 'Mariana Santos', 'mariana.santos@example.com', '(511) 91523-4567', 'Gerente', '2020-04-15', 51),
(52, 'Lucas Oliveira', 'lucas.oliveira@example.com', '(521) 92534-5678', 'Atendente', '2021-05-20', 52),
(53, 'Carolina Almeida', 'carolina.almeida@example.com', '(531) 93545-6789', 'Mecânico', '2019-06-10', 53),
(54, 'Thiago Lima', 'thiago.lima@example.com', '(541) 94556-7890', 'Recepcionista', '2022-07-25', 54),
(55, 'Gabriela Rocha', 'gabriela.rocha@example.com', '(551) 95567-8901', 'Vendedor', '2018-08-30', 55),
(56, 'Eduardo Santos', 'eduardo.santos@example.com', '(561) 96578-9012', 'Gerente', '2020-09-15', 56),
(57, 'Camila Oliveira', 'camila.oliveira@example.com', '(571) 97589-0123', 'Atendente', '2021-10-20', 57),
(58, 'Guilherme Almeida', 'guilherme.almeida@example.com', '(581) 98590-1234', 'Mecânico', '2019-11-10', 58),
(59, 'Patrícia Lima', 'patricia.lima@example.com', '(591) 99601-2345', 'Recepcionista', '2022-12-25', 59),
(60, 'Fernando Rocha', 'fernando.rocha@example.com', '(601) 90612-3456', 'Vendedor', '2018-01-30', 60),
(61, 'Isabela Santos', 'isabela.santos@example.com', '(611) 91623-4567', 'Gerente', '2020-02-15', 61),
(62, 'Rafael Oliveira', 'rafael.oliveira@example.com', '(621) 92634-5678', 'Atendente', '2021-03-20', 62),
(63, 'Isabela Almeida', 'isabela.almeida@example.com', '(631) 93645-6789', 'Mecânico', '2019-04-10', 63),
(64, 'José Lima', 'jose.lima@example.com', '(641) 94656-7890', 'Recepcionista', '2022-05-25', 64),
(65, 'Mariana Rocha', 'mariana.rocha@example.com', '(651) 95667-8901', 'Vendedor', '2018-06-30', 65),
(66, 'Felipe Santos', 'felipe.santos@example.com', '(661) 96678-9012', 'Gerente', '2020-07-15', 66),
(67, 'Juliana Oliveira', 'juliana.oliveira@example.com', '(671) 97689-0123', 'Atendente', '2021-08-20', 67),
(68, 'Roberto Almeida', 'roberto.almeida@example.com', '(681) 98690-1234', 'Mecânico', '2019-09-10', 68),
(69, 'Aline Lima', 'aline.lima@example.com', '(691) 99701-2345', 'Recepcionista', '2022-10-25', 69);

INSERT INTO Manutencao (id_manutencao, data_manutencao, descricao, custo, id_carro) VALUES
(46, '2027-10-30', 'Substituição de amortecedores', 800.00, 46),
(47, '2027-11-05', 'Reparo no sistema elétrico', 500.00, 47),
(48, '2027-12-10', 'Troca de pastilhas de freio', 150.00, 48),
(49, '2028-01-15', 'Substituição de correia dentada', 350.00, 49),
(50, '2028-02-20', 'Revisão geral', 250.00, 50),
(51, '2028-03-25', 'Reparo no sistema de ar condicionado', 600.00, 51),
(52, '2028-04-30', 'Troca de velas', 80.00, 52),
(53, '2028-05-05', 'Substituição de pneus', 600.00, 53),
(54, '2028-06-10', 'Reparo no sistema de injeção', 900.00, 54),
(55, '2028-07-15', 'Troca de bateria', 400.00, 55),
(56, '2028-08-20', 'Troca de filtro de ar', 50.00, 56),
(57, '2028-09-25', 'Reparo na suspensão', 400.00, 57),
(58, '2028-10-30', 'Alinhamento e balanceamento', 100.00, 58),
(59, '2028-11-05', 'Reparo na transmissão', 700.00, 59),
(60, '2028-12-10', 'Troca de óleo', 150.00, 60),
(61, '2029-01-15', 'Substituição de amortecedores', 800.00, 61),
(62, '2029-02-20', 'Reparo no sistema elétrico', 500.00, 62),
(63, '2029-03-25', 'Troca de pastilhas de freio', 150.00, 63),
(64, '2029-04-30', 'Substituição de correia dentada', 350.00, 64),
(65, '2029-05-05', 'Revisão geral', 250.00, 65),
(66, '2029-06-10', 'Reparo no sistema de ar condicionado', 600.00, 66),
(67, '2029-07-15', 'Troca de velas', 80.00, 67),
(68, '2029-08-20', 'Substituição de pneus', 600.00, 68),
(69, '2029-09-25', 'Reparo no sistema de injeção', 900.00, 69);

INSERT INTO Reserva (id_reserva, data_reserva, data_devolucao, placa) VALUES
(51, '2024-07-20', '2024-07-24', 'TUV3456'),
(52, '2024-07-21', '2024-07-25', 'WXY7890'),
(53, '2024-07-22', '2024-07-26', 'ABC5678'),
(54, '2024-07-23', '2024-07-27', 'DEF9012'),
(55, '2024-07-24', '2024-07-28', 'GHI2345'),
(56, '2024-07-25', '2024-07-29', 'JKL6789'),
(57, '2024-07-26', '2024-07-30', 'MNO1234'),
(58, '2024-07-27', '2024-07-31', 'PQR5678'),
(59, '2024-07-28', '2024-08-01', 'STU9012'),
(60, '2024-07-29', '2024-08-02', 'VWX1234'),
(61, '2024-07-30', '2024-08-03', 'YZA5678'),
(62, '2024-07-31', '2024-08-04', 'BCD9012'),
(63, '2024-08-01', '2024-08-05', 'EFG3456'),
(64, '2024-08-02', '2024-08-06', 'HIJ7890'),
(65, '2024-08-03', '2024-08-07', 'KLM1234'),
(66, '2024-08-04', '2024-08-08', 'NOP5678'),
(67, '2024-08-05', '2024-08-09', 'QRS9012'),
(68, '2024-08-06', '2024-08-10', 'TUV3456'),
(69, '2024-08-07', '2024-08-11', 'WXY7890'),
(70, '2024-08-08', '2024-08-12', 'ABC5678'),
(71, '2024-08-09', '2024-08-13', 'DEF9012'),
(72, '2024-08-10', '2024-08-14', 'GHI2345'),
(73, '2024-08-11', '2024-08-15', 'JKL6789'),
(74, '2024-08-12', '2024-08-16', 'MNO1234'),
(75, '2024-08-13', '2024-08-17', 'PQR5678');

INSERT INTO Seguro (id_seguro, seguradora, tipo_seguro, cobertura, data_inicio, data_fim, valor, id_carro) VALUES
(46, 'Seguradora TT', 'Seguro Total', 'Cobre todos os danos', '2027-10-01', '2024-12-31', 3300.00, 46),
(47, 'Seguradora UU', 'Seguro Parcial', 'Cobre danos parciais', '2027-11-01', '2024-12-31', 2600.00, 47),
(48, 'Seguradora VV', 'Seguro Total', 'Cobre todos os danos', '2027-12-01', '2024-12-31', 3400.00, 48),
(49, 'Seguradora WW', 'Seguro Parcial', 'Cobre danos parciais', '2028-01-01', '2024-12-31', 2700.00, 49),
(50, 'Seguradora XX', 'Seguro Total', 'Cobre todos os danos', '2028-02-01', '2024-12-31', 3500.00, 50),
(51, 'Seguradora YY', 'Seguro Parcial', 'Cobre danos parciais', '2028-03-01', '2024-12-31', 2800.00, 51),
(52, 'Seguradora ZZ', 'Seguro Total', 'Cobre todos os danos', '2028-04-01', '2024-12-31', 3600.00, 52),
(53, 'Seguradora AAA', 'Seguro Parcial', 'Cobre danos parciais', '2028-05-01', '2024-12-31', 2900.00, 53),
(54, 'Seguradora BBB', 'Seguro Total', 'Cobre todos os danos', '2028-06-01', '2024-12-31', 3700.00, 54),
(55, 'Seguradora CCC', 'Seguro Parcial', 'Cobre danos parciais', '2028-07-01', '2024-12-31', 3000.00, 55),
(56, 'Seguradora DDD', 'Seguro Total', 'Cobre todos os danos', '2028-08-01', '2024-12-31', 3800.00, 56),
(57, 'Seguradora EEE', 'Seguro Parcial', 'Cobre danos parciais', '2028-09-01', '2024-12-31', 3100.00, 57),
(58, 'Seguradora FFF', 'Seguro Total', 'Cobre todos os danos', '2028-10-01', '2024-12-31', 3900.00, 58),
(59, 'Seguradora GGG', 'Seguro Parcial', 'Cobre danos parciais', '2028-11-01', '2024-12-31', 3200.00, 59),
(60, 'Seguradora HHH', 'Seguro Total', 'Cobre todos os danos', '2028-12-01', '2024-12-31', 4000.00, 60),
(61, 'Seguradora III', 'Seguro Parcial', 'Cobre danos parciais', '2029-01-01', '2024-12-31', 3300.00, 61),
(62, 'Seguradora JJJ', 'Seguro Total', 'Cobre todos os danos', '2029-02-01', '2024-12-31', 4100.00, 62),
(63, 'Seguradora KKK', 'Seguro Parcial', 'Cobre danos parciais', '2029-03-01', '2024-12-31', 3400.00, 63),
(64, 'Seguradora LLL', 'Seguro Total', 'Cobre todos os danos', '2029-04-01', '2024-12-31', 4200.00, 64),
(65, 'Seguradora MMM', 'Seguro Parcial', 'Cobre danos parciais', '2029-05-01', '2024-12-31', 3500.00, 65),
(66, 'Seguradora NNN', 'Seguro Total', 'Cobre todos os danos', '2029-06-01', '2024-12-31', 4300.00, 66),
(67, 'Seguradora OOO', 'Seguro Parcial', 'Cobre danos parciais', '2029-07-01', '2024-12-31', 3600.00, 67),
(68, 'Seguradora PPP', 'Seguro Total', 'Cobre todos os danos', '2029-08-01', '2024-12-31', 4400.00, 68),
(69, 'Seguradora QQQ', 'Seguro Parcial', 'Cobre danos parciais', '2029-09-01', '2024-12-31', 3700.00, 69);

INSERT INTO Carros (id_carro, placa, ano, modelo, disponibilidade, tipo) VALUES
(71, 'TUV9023', 2018, 'Lexus RX', 'Disponível', 'SUV'),
(72, 'WXY2360', 2017, 'Audi Q5', 'Alugado', 'SUV'),
(73, 'ABC5680', 2020, 'BMW X3', 'Disponível', 'SUV'),
(74, 'DEF9024', 2016, 'Mercedes-Benz GLC-Class', 'Em manutenção', 'SUV'),
(75, 'GHI2361', 2019, 'Alfa Romeo Stelvio', 'Disponível', 'SUV'),
(76, 'JKL5681', 2018, 'Fiat 500X', 'Alugado', 'SUV'),
(77, 'MNO9025', 2022, 'Jaguar E-Pace', 'Disponível', 'SUV'),
(78, 'PQR2362', 2015, 'Bentley Bentayga', 'Em manutenção', 'SUV'),
(79, 'STU5682', 2018, 'Rolls-Royce Cullinan', 'Disponível', 'SUV'),
(80, 'VWX9026', 2017, 'Lamborghini Urus', 'Alugado', 'SUV'),
(81, 'YZA2363', 2020, 'McLaren GT', 'Disponível', 'SUV'),
(82, 'BCD5683', 2016, 'Ferrari Purosangue', 'Em manutenção', 'SUV'),
(83, 'EFG9027', 2019, 'Porsche Cayenne', 'Disponível', 'SUV'),
(84, 'HIJ2364', 2018, 'Lotus Evija', 'Alugado', 'SUV'),
(85, 'KLM5684', 2021, 'Bugatti Divo', 'Disponível', 'SUV'),
(86, 'NOP9028', 2015, 'Tesla Model Y', 'Em manutenção', 'SUV'),
(87, 'QRS2365', 2018, 'Chevrolet Equinox', 'Disponível', 'SUV'),
(88, 'TUV5685', 2017, 'Jeep Wrangler', 'Alugado', 'SUV'),
(89, 'WXY9029', 2020, 'GMC Yukon', 'Disponível', 'SUV'),
(90, 'ABC2366', 2016, 'Cadillac Escalade', 'Em manutenção', 'SUV'),
(91, 'DEF5686', 2019, 'Lincoln Aviator', 'Disponível', 'SUV'),
(92, 'GHI9030', 2018, 'Acura MDX', 'Alugado', 'SUV'),
(93, 'JKL2367', 2023, 'Volkswagen Touareg', 'Disponível', 'SUV'),
(94, 'MNO5687', 2019, 'Buick Enclave', 'Em manutenção', 'SUV'),
(95, 'PQR9031', 2016, 'Subaru Outback', 'Disponível', 'SUV'),
(96, 'STU2368', 2018, 'Dodge Journey', 'Alugado', 'SUV'),
(97, 'VWX5688', 2020, 'Toyota 4Runner', 'Disponível', 'SUV'),
(98, 'YZA9032', 2017, 'Ford Expedition', 'Em manutenção', 'SUV'),
(99, 'BCD2369', 2019, 'Nissan Armada', 'Disponível', 'SUV');

INSERT INTO Cliente (id_cliente, nome, email, telefone, endereco, cidade, estado, id_agencia) VALUES
(71, 'Felipe Silva', 'felipe.silva@example.com', '(61) 98765-4386', 'Rua 2B, 6363', 'Brasília', 'DF', 6),
(72, 'Aline Lima', 'aline.lima@example.com', '(71) 98765-4387', 'Avenida 3C, 6464', 'Salvador', 'BA', 7),
(73, 'Rafaela Oliveira', 'rafaela.oliveira@example.com', '(81) 98765-4388', 'Praça 4D, 6565', 'Recife', 'PE', 8),
(74, 'Diego Santos', 'diego.santos@example.com', '(91) 98765-4389', 'Rua 5E, 6666', 'Belém', 'PA', 9),
(75, 'Camila Oliveira', 'camila.oliveira@example.com', '(101) 98765-4390', 'Avenida 6F, 6767', 'Manaus', 'AM', 10),
(76, 'Pedro Lima', 'pedro.lima@example.com', '(11) 98765-4391', 'Rua 7G, 6868', 'São Paulo', 'SP', 1),
(77, 'Ana Pereira', 'ana.pereira@example.com', '(21) 98765-4392', 'Avenida 8H, 6969', 'Rio de Janeiro', 'RJ', 2),
(78, 'Lucas Souza', 'lucas.souza@example.com', '(31) 98765-4393', 'Praça 9I, 7070', 'Belo Horizonte', 'MG', 3),
(79, 'Mariana Silva', 'mariana.silva@example.com', '(41) 98765-4394', 'Rua 10J, 7171', 'Curitiba', 'PR', 4),
(80, 'Gustavo Oliveira', 'gustavo.oliveira@example.com', '(51) 98765-4395', 'Avenida 11K, 7272', 'Porto Alegre', 'RS', 5),
(81, 'Carolina Lima', 'carolina.lima@example.com', '(61) 98765-4396', 'Rua 12L, 7373', 'Brasília', 'DF', 6),
(82, 'Vinícius Oliveira', 'vinicius.oliveira@example.com', '(71) 98765-4397', 'Avenida 13M, 7474', 'Salvador', 'BA', 7),
(83, 'Laura Santos', 'laura.santos@example.com', '(81) 98765-4398', 'Praça 14N, 7575', 'Recife', 'PE', 8),
(84, 'Daniel Lima', 'daniel.lima@example.com', '(91) 98765-4399', 'Rua 15O, 7676', 'Belém', 'PA', 9),
(85, 'Carla Oliveira', 'carla.oliveira@example.com', '(101) 98765-4400', 'Avenida 16P, 7777', 'Manaus', 'AM', 10),
(86, 'Roberto Silva', 'roberto.silva@example.com', '(11) 98765-4401', 'Rua 17Q, 7878', 'São Paulo', 'SP', 1),
(87, 'Mariana Pereira', 'mariana.pereira@example.com', '(21) 98765-4402', 'Avenida 18R, 7979', 'Rio de Janeiro', 'RJ', 2),
(88, 'Lucas Oliveira', 'lucas.oliveira@example.com', '(31) 98765-4403', 'Praça 19S, 8080', 'Belo Horizonte', 'MG', 3),
(89, 'Aline Silva', 'aline.silva@example.com', '(41) 98765-4404', 'Rua 20T, 8181', 'Curitiba', 'PR', 4),
(90, 'Fernanda Oliveira', 'fernanda.oliveira@example.com', '(51) 98765-4405', 'Avenida 21U, 8282', 'Porto Alegre', 'RS', 5),
(91, 'Carlos Lima', 'carlos.lima@example.com', '(61) 98765-4406', 'Rua 22V, 8383', 'Brasília', 'DF', 6),
(92, 'Rafaela Silva', 'rafaela.silva@example.com', '(71) 98765-4407', 'Avenida 23W, 8484', 'Salvador', 'BA', 7),
(93, 'André Santos', 'andre.santos@example.com', '(81) 98765-4408', 'Praça 24X, 8585', 'Recife', 'PE', 8),
(94, 'Isabela Oliveira', 'isabela.oliveira@example.com', '(91) 98765-4409', 'Rua 25Y, 8686', 'Belém', 'PA', 9),
(95, 'Gustavo Silva', 'gustavo.silva@example.com', '(101) 98765-4410', 'Avenida 26Z, 8787', 'Manaus', 'AM', 10),
(96, 'Fernanda Lima', 'fernanda.lima@example.com', '(11) 98765-4411', 'Rua 27AA, 8888', 'São Paulo', 'SP', 1),
(97, 'Carlos Pereira', 'carlos.pereira@example.com', '(21) 98765-4412', 'Avenida 28BB, 8989', 'Rio de Janeiro', 'RJ', 2),
(98, 'Ana Oliveira', 'ana.oliveira@example.com', '(31) 98765-4413', 'Praça 29CC, 9090', 'Belo Horizonte', 'BH', 3);

INSERT INTO Agencia (id_agencia, num_agencia, contato, endereco, cidade, estado, id_carro) VALUES
(71, 171, 'contato71@agencia.com', 'Avenida Alfa, 710', 'Rio de Janeiro', 'RJ', 71),
(72, 172, 'contato72@agencia.com', 'Praça Beta, 720', 'Belo Horizonte', 'MG', 72),
(73, 173, 'contato73@agencia.com', 'Rua Gama, 730', 'Curitiba', 'PR', 73),
(74, 174, 'contato74@agencia.com', 'Avenida Delta, 740', 'Porto Alegre', 'RS', 74),
(75, 175, 'contato75@agencia.com', 'Praça Epsilon, 750', 'Brasília', 'DF', 75),
(76, 176, 'contato76@agencia.com', 'Rua Zeta, 760', 'Salvador', 'BA', 76),
(77, 177, 'contato77@agencia.com', 'Avenida Eta, 770', 'Recife', 'PE', 77),
(78, 178, 'contato78@agencia.com', 'Praça Teta, 780', 'Belém', 'PA', 78),
(79, 179, 'contato79@agencia.com', 'Rua Iota, 790', 'Manaus', 'AM', 79),
(80, 180, 'contato80@agencia.com', 'Avenida Kappa, 800', 'Goiânia', 'GO', 80),
(81, 181, 'contato81@agencia.com', 'Praça Lambda, 810', 'Florianópolis', 'SC', 81),
(82, 182, 'contato82@agencia.com', 'Rua Mu, 820', 'Cuiabá', 'MT', 82),
(83, 183, 'contato83@agencia.com', 'Avenida Nu, 830', 'Natal', 'RN', 83),
(84, 184, 'contato84@agencia.com', 'Praça Xi, 840', 'Campo Grande', 'MS', 84),
(85, 185, 'contato85@agencia.com', 'Rua Omicron, 850', 'Teresina', 'PI', 85),
(86, 186, 'contato86@agencia.com', 'Avenida Pi, 860', 'Boa Vista', 'RR', 86),
(87, 187, 'contato87@agencia.com', 'Praça Rho, 870', 'Palmas', 'TO', 87),
(88, 188, 'contato88@agencia.com', 'Rua Sigma, 880', 'Rio Branco', 'AC', 88),
(89, 189, 'contato89@agencia.com', 'Avenida Tau, 890', 'Macapá', 'AP', 89),
(90, 190, 'contato90@agencia.com', 'Praça Úpsilon, 900', 'São Paulo', 'SP', 90),
(91, 191, 'contato91@agencia.com', 'Rua Phi, 910', 'Rio de Janeiro', 'RJ', 91),
(92, 192, 'contato92@agencia.com', 'Avenida Chi, 920', 'Belo Horizonte', 'MG', 92),
(93, 193, 'contato93@agencia.com', 'Praça Psi, 930', 'Curitiba', 'PR', 93),
(94, 194, 'contato94@agencia.com', 'Rua Omega, 940', 'Porto Alegre', 'RS', 94),
(95, 195, 'contato95@agencia.com', 'Avenida Alfa, 950', 'Brasília', 'DF', 95),
(96, 196, 'contato96@agencia.com', 'Praça Beta, 960', 'Salvador', 'BA', 96),
(97, 197, 'contato97@agencia.com', 'Rua Gama, 970', 'Recife', 'PE', 97),
(98, 198, 'contato98@agencia.com', 'Avenida Delta, 980', 'Belém', 'PA', 98);

INSERT INTO Devolucao (id_devolucao, data_devolucao, condicao_veiculo, custos_adicionais, id_carro) VALUES
(70, '2024-07-09', 'Regular', 65.00, 69),
(71, '2024-07-10', 'Boa', 50.00, 71),
(72, '2024-07-11', 'Excelente', 0.00, 72),
(73, '2024-07-12', 'Ruim', 180.00, 73),
(74, '2024-07-13', 'Boa', 40.00, 74),
(75, '2024-07-14', 'Regular', 70.00, 75),
(76, '2024-07-15', 'Excelente', 0.00, 76),
(77, '2024-07-16', 'Ruim', 190.00, 77),
(78, '2024-07-17', 'Boa', 38.00, 78),
(79, '2024-07-18', 'Regular', 72.00, 79),
(80, '2024-07-19', 'Excelente', 0.00, 80),
(81, '2024-07-20', 'Ruim', 200.00, 81),
(82, '2024-07-21', 'Boa', 42.00, 82),
(83, '2024-07-22', 'Regular', 68.00, 83),
(84, '2024-07-23', 'Excelente', 0.00, 84),
(85, '2024-07-24', 'Ruim', 170.00, 85),
(86, '2024-07-25', 'Boa', 35.00, 86),
(87, '2024-07-26', 'Regular', 75.00, 87),
(88, '2024-07-27', 'Excelente', 0.00, 88),
(89, '2024-07-28', 'Ruim', 160.00, 89),
(90, '2024-07-29', 'Boa', 45.00, 90),
(91, '2024-07-30', 'Regular', 60.00, 91),
(92, '2024-07-31', 'Excelente', 0.00, 92),
(93, '2024-08-01', 'Ruim', 220.00, 93),
(94, '2024-08-02', 'Boa', 48.00, 94),
(95, '2024-08-03', 'Regular', 75.00, 95),
(96, '2024-08-04', 'Excelente', 0.00, 96),
(97, '2024-08-05', 'Ruim', 150.00, 97),
(98, '2024-08-06', 'Boa', 30.00, 98);

INSERT INTO Funcionario (id_funcionario, nome, email, telefone, cargo, data_contratacao, id_agencia) VALUES
(70, 'Renato Oliveira', 'renato.oliveira@example.com', '(701) 90712-3456', 'Vendedor', '2018-12-30', 71),
(71, 'Gisele Almeida', 'gisele.almeida@example.com', '(711) 91723-4567', 'Gerente', '2020-01-15', 71),
(72, 'Marcos Lima', 'marcos.lima@example.com', '(721) 92734-5678', 'Atendente', '2021-02-20', 72),
(73, 'Natalia Rocha', 'natalia.rocha@example.com', '(731) 93745-6789', 'Mecânico', '2019-03-10', 73),
(74, 'Daniel Santos', 'daniel.santos@example.com', '(741) 94756-7890', 'Recepcionista', '2022-04-25', 74),
(75, 'Juliana Lima', 'juliana.lima@example.com', '(751) 95767-8901', 'Vendedor', '2018-05-30', 75),
(76, 'Rodrigo Rocha', 'rodrigo.rocha@example.com', '(761) 96778-9012', 'Gerente', '2020-08-15', 76),
(77, 'Bruna Oliveira', 'bruna.oliveira@example.com', '(771) 97789-0123', 'Atendente', '2021-09-20', 77),
(78, 'Lucas Almeida', 'lucas.almeida@example.com', '(781) 98790-1234', 'Mecânico', '2019-10-10', 78),
(79, 'Laura Lima', 'laura.lima@example.com', '(791) 99801-2345', 'Recepcionista', '2022-11-25', 79),
(80, 'Pedro Rocha', 'pedro.rocha@example.com', '(801) 90812-3456', 'Vendedor', '2018-02-28', 80),
(81, 'Vanessa Santos', 'vanessa.santos@example.com', '(811) 91823-4567', 'Gerente', '2020-03-15', 81),
(82, 'Thiago Oliveira', 'thiago.oliveira@example.com', '(821) 92834-5678', 'Atendente', '2021-04-20', 82),
(83, 'Ana Almeida', 'ana.almeida@example.com', '(831) 93845-6789', 'Mecânico', '2019-05-10', 83),
(84, 'Marcela Lima', 'marcela.lima@example.com', '(841) 94856-7890', 'Recepcionista', '2022-06-25', 84),
(85, 'Felipe Rocha', 'felipe.rocha@example.com', '(851) 95867-8901', 'Vendedor', '2018-07-30', 85),
(86, 'Carla Santos', 'carla.santos@example.com', '(861) 96878-9012', 'Gerente', '2020-10-15', 86),
(87, 'Raphael Oliveira', 'raphael.oliveira@example.com', '(871) 97889-0123', 'Atendente', '2021-11-20', 87),
(88, 'Mariana Almeida', 'mariana.almeida@example.com', '(881) 98890-1234', 'Mecânico', '2019-12-10', 88),
(89, 'Gustavo Lima', 'gustavo.lima@example.com', '(891) 99901-2345', 'Recepcionista', '2023-01-25', 89),
(90, 'Bruno Rocha', 'bruno.rocha@example.com', '(901) 90012-3456', 'Vendedor', '2019-03-30', 90),
(91, 'Laura Santos', 'laura.santos@example.com', '(911) 91023-4567', 'Gerente', '2020-04-15', 91),
(92, 'Rafael Oliveira', 'rafael.oliveira@example.com', '(921) 92034-5678', 'Atendente', '2021-05-20', 92),
(93, 'Fernanda Almeida', 'fernanda.almeida@example.com', '(931) 93045-6789', 'Mecânico', '2019-06-10', 93),
(94, 'Gabriel Lima', 'gabriel.lima@example.com', '(941) 94056-7890', 'Recepcionista', '2022-07-25', 94),
(95, 'Ana Rocha', 'ana.rocha@example.com', '(951) 95067-8901', 'Vendedor', '2018-08-30', 95),
(96, 'Lucas Santos', 'lucas.santos@example.com', '(961) 96078-9012', 'Gerente', '2020-09-15', 96),
(97, 'Bruna Oliveira', 'bruna.oliveira@example.com', '(971) 97089-0123', 'Atendente', '2021-10-20', 97),
(98, 'Thiago Almeida', 'thiago.almeida@example.com', '(981) 98090-1234', 'Mecânico', '2019-11-10', 98);

INSERT INTO Manutencao (id_manutencao, data_manutencao, descricao, custo, id_carro) VALUES
(70, '2029-10-30', 'Troca de bateria', 400.00, 69),
(71, '2029-11-05', 'Troca de filtro de ar', 50.00, 71),
(72, '2029-12-10', 'Reparo na suspensão', 400.00, 72),
(73, '2030-01-15', 'Alinhamento e balanceamento', 100.00, 73),
(74, '2030-02-20', 'Reparo na transmissão', 700.00, 74),
(75, '2030-03-25', 'Troca de óleo', 150.00, 75),
(76, '2030-04-30', 'Substituição de amortecedores', 800.00, 76),
(77, '2030-05-05', 'Reparo no sistema elétrico', 500.00, 77),
(78, '2030-06-10', 'Troca de pastilhas de freio', 150.00, 78),
(79, '2030-07-15', 'Substituição de correia dentada', 350.00, 79),
(80, '2030-08-20', 'Revisão geral', 250.00, 80),
(81, '2030-09-25', 'Reparo no sistema de ar condicionado', 600.00, 81),
(82, '2030-10-30', 'Troca de velas', 80.00, 82),
(83, '2030-11-05', 'Substituição de pneus', 600.00, 83),
(84, '2030-12-10', 'Reparo no sistema de injeção', 900.00, 84),
(85, '2031-01-15', 'Troca de bateria', 400.00, 85),
(86, '2031-02-20', 'Troca de filtro de ar', 50.00, 86),
(87, '2031-03-25', 'Reparo na suspensão', 400.00, 87),
(88, '2031-04-30', 'Alinhamento e balanceamento', 100.00, 88),
(89, '2031-05-05', 'Reparo na transmissão', 700.00, 89),
(90, '2031-06-10', 'Troca de óleo', 150.00, 90),
(91, '2031-07-15', 'Substituição de amortecedores', 800.00, 91),
(92, '2031-08-20', 'Reparo no sistema elétrico', 500.00, 92),
(93, '2031-09-25', 'Troca de pastilhas de freio', 150.00, 93),
(94, '2031-10-30', 'Substituição de correia dentada', 350.00, 94),
(95, '2031-11-05', 'Revisão geral', 250.00, 95),
(96, '2031-12-10', 'Reparo no sistema de ar condicionado', 600.00, 96),
(97, '2032-01-15', 'Troca de velas', 80.00, 97),
(98, '2032-02-20', 'Substituição de pneus', 600.00, 98),
(99, '2032-03-25', 'Reparo no sistema de injeção', 900.00, 99);

INSERT INTO Reserva (id_reserva, data_reserva, data_devolucao, placa) VALUES
(76, '2024-08-14', '2024-08-18', 'STU9012'),
(77, '2024-08-15', '2024-08-19', 'VWX1234'),
(78, '2024-08-16', '2024-08-20', 'YZA5678'),
(79, '2024-08-17', '2024-08-21', 'BCD9012'),
(80, '2024-08-18', '2024-08-22', 'EFG3456'),
(81, '2024-08-19', '2024-08-23', 'HIJ7890'),
(82, '2024-08-20', '2024-08-24', 'KLM1234'),
(83, '2024-08-21', '2024-08-25', 'NOP5678'),
(84, '2024-08-22', '2024-08-26', 'QRS9012'),
(85, '2024-08-23', '2024-08-27', 'TUV3456'),
(86, '2024-08-24', '2024-08-28', 'WXY7890'),
(87, '2024-08-25', '2024-08-29', 'ABC5678'),
(88, '2024-08-26', '2024-08-30', 'DEF9012'),
(89, '2024-08-27', '2024-08-31', 'GHI2345'),
(90, '2024-08-28', '2024-09-01', 'JKL6789'),
(91, '2024-08-29', '2024-09-02', 'MNO1234'),
(92, '2024-08-30', '2024-09-03', 'PQR5678'),
(93, '2024-08-31', '2024-09-04', 'STU9012'),
(94, '2024-09-01', '2024-09-05', 'VWX1234'),
(95, '2024-09-02', '2024-09-06', 'YZA5678'),
(96, '2024-09-03', '2024-09-07', 'BCD9012'),
(97, '2024-09-04', '2024-09-08', 'EFG3456'),
(98, '2024-09-05', '2024-09-09', 'HIJ7890'),
(99, '2024-09-06', '2024-09-10', 'KLM1234'),
(100, '2024-09-07', '2024-09-11', 'NOP5678'),
(101, '2024-09-08', '2024-09-12', 'QRS9012'),
(102, '2024-09-09', '2024-09-13', 'TUV3456'),
(103, '2024-09-10', '2024-09-14', 'WXY7890');

INSERT INTO Seguro (id_seguro, seguradora, tipo_seguro, cobertura, data_inicio, data_fim, valor, id_carro) VALUES
(70, 'Seguradora RRR', 'Seguro Total', 'Cobre todos os danos', '2029-10-01', '2024-12-31', 4500.00, 69),
(71, 'Seguradora SSS', 'Seguro Parcial', 'Cobre danos parciais', '2029-11-01', '2024-12-31', 3800.00, 71),
(72, 'Seguradora TTT', 'Seguro Total', 'Cobre todos os danos', '2029-12-01', '2024-12-31', 4600.00, 72),
(73, 'Seguradora UUU', 'Seguro Parcial', 'Cobre danos parciais', '2030-01-01', '2024-12-31', 3900.00, 73),
(74, 'Seguradora VVV', 'Seguro Total', 'Cobre todos os danos', '2030-02-01', '2024-12-31', 4700.00, 74),
(75, 'Seguradora WWW', 'Seguro Parcial', 'Cobre danos parciais', '2030-03-01', '2024-12-31', 4000.00, 75),
(76, 'Seguradora XXX', 'Seguro Total', 'Cobre todos os danos', '2030-04-01', '2024-12-31', 4800.00, 76),
(77, 'Seguradora YYY', 'Seguro Parcial', 'Cobre danos parciais', '2030-05-01', '2024-12-31', 4100.00, 77),
(78, 'Seguradora ZZZ', 'Seguro Total', 'Cobre todos os danos', '2030-06-01', '2024-12-31', 4900.00, 78),
(79, 'Seguradora AAAA', 'Seguro Parcial', 'Cobre danos parciais', '2030-07-01', '2024-12-31', 4200.00, 79),
(80, 'Seguradora BBBB', 'Seguro Total', 'Cobre todos os danos', '2030-08-01', '2024-12-31', 5000.00, 80),
(81, 'Seguradora CCCC', 'Seguro Parcial', 'Cobre danos parciais', '2030-09-01', '2024-12-31', 4300.00, 81),
(82, 'Seguradora DDDD', 'Seguro Total', 'Cobre todos os danos', '2030-10-01', '2024-12-31', 5100.00, 82),
(83, 'Seguradora EEEE', 'Seguro Parcial', 'Cobre danos parciais', '2030-11-01', '2024-12-31', 4400.00, 83),
(84, 'Seguradora FFFF', 'Seguro Total', 'Cobre todos os danos', '2030-12-01', '2024-12-31', 5200.00, 84),
(85, 'Seguradora GGGG', 'Seguro Parcial', 'Cobre danos parciais', '2031-01-01', '2024-12-31', 4500.00, 85),
(86, 'Seguradora HHHH', 'Seguro Total', 'Cobre todos os danos', '2031-02-01', '2024-12-31', 5300.00, 86),
(87, 'Seguradora IIII', 'Seguro Parcial', 'Cobre danos parciais', '2031-03-01', '2024-12-31', 4600.00, 87),
(88, 'Seguradora JJJJ', 'Seguro Total', 'Cobre todos os danos', '2031-04-01', '2024-12-31', 5400.00, 88),
(89, 'Seguradora KKKK', 'Seguro Parcial', 'Cobre danos parciais', '2031-05-01', '2024-12-31', 4700.00, 89),
(90, 'Seguradora LLLL', 'Seguro Total', 'Cobre todos os danos', '2031-06-01', '2024-12-31', 5500.00, 90),
(91, 'Seguradora MMMM', 'Seguro Parcial', 'Cobre danos parciais', '2031-07-01', '2024-12-31', 4800.00, 91),
(92, 'Seguradora NNNN', 'Seguro Total', 'Cobre todos os danos', '2031-08-01', '2024-12-31', 5600.00, 92),
(93, 'Seguradora OOOO', 'Seguro Parcial', 'Cobre danos parciais', '2031-09-01', '2024-12-31', 4900.00, 93),
(94, 'Seguradora PPPP', 'Seguro Total', 'Cobre todos os danos', '2031-10-01', '2024-12-31', 5700.00, 94),
(95, 'Seguradora QQQQ', 'Seguro Parcial', 'Cobre danos parciais', '2031-11-01', '2024-12-31', 5000.00, 95),
(96, 'Seguradora RRRR', 'Seguro Total', 'Cobre todos os danos', '2031-12-01', '2024-12-31', 5800.00, 96),
(97, 'Seguradora SSSS', 'Seguro Parcial', 'Cobre danos parciais', '2032-01-01', '2024-12-31', 5100.00, 97),
(98, 'Seguradora TTTT', 'Seguro Total', 'Cobre todos os danos', '2032-02-01', '2024-12-31', 5900.00, 98);