INSERT INTO Carros (id_carro, placa, ano, modelo, disponibilidade, tipo, valor) VALUES
(1, 'ABC1234', 2018, 'Toyota Corolla', 'Disponível', 'Sedan', 120.00),
(2, 'DEF5678', 2019, 'Honda Civic', 'Disponível', 'Sedan', 130.00),
(3, 'GHI9012', 2020, 'Ford Mustang', 'Indisponível', 'Esportivo', 300.00),
(4, 'JKL3456', 2017, 'Chevrolet Camaro', 'Disponível', 'Esportivo', 280.00),
(5, 'MNO7890', 2021, 'BMW X5', 'Disponível', 'SUV', 250.00),
(6, 'PQR2345', 2019, 'Audi Q7', 'Indisponível', 'SUV', 260.00),
(7, 'STU6789', 2018, 'Mercedes-Benz GLC', 'Disponível', 'SUV', 240.00),
(8, 'VWX1234', 2020, 'Volkswagen Golf', 'Disponível', 'Hatchback', 110.00),
(9, 'YZA5678', 2017, 'Hyundai Elantra', 'Disponível', 'Sedan', 115.00),
(10, 'BCD9012', 2019, 'Kia Optima', 'Disponível', 'Sedan', 120.00),
(11, 'EFG3456', 2021, 'Tesla Model 3', 'Disponível', 'Sedan', 200.00),
(12, 'HIJ7890', 2020, 'Nissan Leaf', 'Disponível', 'Hatchback', 150.00),
(13, 'KLM2345', 2018, 'Mazda CX-5', 'Indisponível', 'SUV', 130.00),
(14, 'NOP6789', 2019, 'Subaru Outback', 'Disponível', 'SUV', 140.00),
(15, 'QRS1234', 2020, 'Jeep Cherokee', 'Disponível', 'SUV', 160.00),
(16, 'TUV5678', 2021, 'Toyota RAV4', 'Disponível', 'SUV', 170.00),
(17, 'WXY9012', 2017, 'Ford Explorer', 'Indisponível', 'SUV', 180.00),
(18, 'ZAB3456', 2018, 'Chevrolet Tahoe', 'Disponível', 'SUV', 190.00),
(19, 'CDE7890', 2019, 'GMC Yukon', 'Disponível', 'SUV', 200.00),
(20, 'FGH2345', 2020, 'Dodge Durango', 'Disponível', 'SUV', 210.00),
(21, 'IJK6789', 2021, 'Honda CR-V', 'Disponível', 'SUV', 220.00),
(22, 'LMN1234', 2018, 'Hyundai Santa Fe', 'Disponível', 'SUV', 230.00),
(23, 'OPQ5678', 2019, 'Mazda CX-9', 'Disponível', 'SUV', 240.00),
(24, 'RST9012', 2020, 'Volkswagen Tiguan', 'Disponível', 'SUV', 250.00),
(25, 'UVW3456', 2017, 'Ford F-150', 'Indisponível', 'Caminhonete', 260.00),
(26, 'XYZ7890', 2018, 'Chevrolet Silverado', 'Disponível', 'Caminhonete', 270.00),
(27, 'ABC2345', 2019, 'RAM 1500', 'Disponível', 'Caminhonete', 280.00),
(28, 'DEF6789', 2020, 'Toyota Tacoma', 'Disponível', 'Caminhonete', 290.00),
(29, 'GHI1234', 2021, 'Nissan Frontier', 'Disponível', 'Caminhonete', 300.00),
(30, 'JKL5678', 2018, 'Honda Ridgeline', 'Disponível', 'Caminhonete', 310.00);

INSERT INTO Agencia (id_agencia, num_agencia, contato, endereco, cidade, estado, id_carro) VALUES
(1, 101, 'contato1@example.com', 'Rua A, 123', 'São Paulo', 'SP', 1),
(2, 102, 'contato2@example.com', 'Rua B, 456', 'Rio de Janeiro', 'RJ', 2),
(3, 103, 'contato3@example.com', 'Rua C, 789', 'Belo Horizonte', 'MG', 3),
(4, 104, 'contato4@example.com', 'Rua D, 101', 'Curitiba', 'PR', 4),
(5, 105, 'contato5@example.com', 'Rua E, 202', 'Porto Alegre', 'RS', 5),
(6, 106, 'contato6@example.com', 'Rua F, 303', 'Salvador', 'BA', 6),
(7, 107, 'contato7@example.com', 'Rua G, 404', 'Recife', 'PE', 7),
(8, 108, 'contato8@example.com', 'Rua H, 505', 'Fortaleza', 'CE', 8),
(9, 109, 'contato9@example.com', 'Rua I, 606', 'Brasília', 'DF', 9),
(10, 110, 'contato10@example.com', 'Rua J, 707', 'Manaus', 'AM', 10),
(11, 111, 'contato11@example.com', 'Rua K, 808', 'Belém', 'PA', 11),
(12, 112, 'contato12@example.com', 'Rua L, 909', 'Goiânia', 'GO', 12),
(13, 113, 'contato13@example.com', 'Rua M, 1010', 'Campinas', 'SP', 13),
(14, 114, 'contato14@example.com', 'Rua N, 1111', 'São Luís', 'MA', 14),
(15, 115, 'contato15@example.com', 'Rua O, 1212', 'Maceió', 'AL', 15),
(16, 116, 'contato16@example.com', 'Rua P, 1313', 'Natal', 'RN', 16),
(17, 117, 'contato17@example.com', 'Rua Q, 1414', 'Teresina', 'PI', 17),
(18, 118, 'contato18@example.com', 'Rua R, 1515', 'João Pessoa', 'PB', 18),
(19, 119, 'contato19@example.com', 'Rua S, 1616', 'Aracaju', 'SE', 19),
(20, 120, 'contato20@example.com', 'Rua T, 1717', 'Florianópolis', 'SC', 20),
(21, 121, 'contato21@example.com', 'Rua U, 1818', 'Vitória', 'ES', 21),
(22, 122, 'contato22@example.com', 'Rua V, 1919', 'Campo Grande', 'MS', 22),
(23, 123, 'contato23@example.com', 'Rua W, 2020', 'Cuiabá', 'MT', 23),
(24, 124, 'contato24@example.com', 'Rua X, 2121', 'Macapá', 'AP', 24),
(25, 125, 'contato25@example.com', 'Rua Y, 2222', 'Boa Vista', 'RR', 25),
(26, 126, 'contato26@example.com', 'Rua Z, 2323', 'Palmas', 'TO', 26),
(27, 127, 'contato27@example.com', 'Rua AA, 2424', 'Rio Branco', 'AC', 27),
(28, 128, 'contato28@example.com', 'Rua BB, 2525', 'Porto Velho', 'RO', 28),
(29, 129, 'contato29@example.com', 'Rua CC, 2626', 'São Paulo', 'SP', 29),
(30, 130, 'contato30@example.com', 'Rua DD, 2727', 'Rio de Janeiro', 'RJ', 30);

INSERT INTO Cliente (email, nome, telefone, cidade, estado, senha) VALUES
('cliente1@example.com', 'João Silva', '1111111111', 'São Paulo', 'SP', 'senha1'),
('cliente2@example.com', 'Maria Oliveira', '2222222222', 'Rio de Janeiro', 'RJ', 'senha2'),
('cliente3@example.com', 'Pedro Souza', '3333333333', 'Belo Horizonte', 'MG', 'senha3'),
('cliente4@example.com', 'Ana Lima', '4444444444', 'Curitiba', 'PR', 'senha4'),
('cliente5@example.com', 'Lucas Ferreira', '5555555555', 'Porto Alegre', 'RS', 'senha5'),
('cliente6@example.com', 'Julia Pereira', '6666666666', 'Salvador', 'BA', 'senha6'),
('cliente7@example.com', 'Carlos Santos', '7777777777', 'Recife', 'PE', 'senha7'),
('cliente8@example.com', 'Fernanda Almeida', '8888888888', 'Fortaleza', 'CE', 'senha8'),
('cliente9@example.com', 'Paulo Rodrigues', '9999999999', 'Brasília', 'DF', 'senha9'),
('cliente10@example.com', 'Mariana Gomes', '1010101010', 'Manaus', 'AM', 'senha10'),
('cliente11@example.com', 'Rafael Costa', '1111111122', 'Belém', 'PA', 'senha11'),
('cliente12@example.com', 'Larissa Ribeiro', '1212121212', 'Goiânia', 'GO', 'senha12'),
('cliente13@example.com', 'Rodrigo Carvalho', '1313131313', 'Campinas', 'SP', 'senha13'),
('cliente14@example.com', 'Amanda Mendes', '1414141414', 'São Luís', 'MA', 'senha14'),
('cliente15@example.com', 'Gabriel Teixeira', '1515151515', 'Maceió', 'AL', 'senha15'),
('cliente16@example.com', 'Renata Rocha', '1616161616', 'Natal', 'RN', 'senha16'),
('cliente17@example.com', 'Bruno Barbosa', '1717171717', 'Teresina', 'PI', 'senha17'),
('cliente18@example.com', 'Isabela Martins', '1818181818', 'João Pessoa', 'PB', 'senha18'),
('cliente19@example.com', 'Felipe Pinto', '1919191919', 'Aracaju', 'SE', 'senha19'),
('cliente20@example.com', 'Natália Lopes', '2020202020', 'Florianópolis', 'SC', 'senha20'),
('cliente21@example.com', 'Gustavo Fernandes', '2121212121', 'Vitória', 'ES', 'senha21'),
('cliente22@example.com', 'Bianca Correia', '2222222222', 'Campo Grande', 'MS', 'senha22'),
('cliente23@example.com', 'Leandro Nunes', '2323232323', 'Cuiabá', 'MT', 'senha23'),
('cliente24@example.com', 'Vanessa Cardoso', '2424242424', 'Macapá', 'AP', 'senha24'),
('cliente25@example.com', 'Tiago Freitas', '2525252525', 'Boa Vista', 'RR', 'senha25'),
('cliente26@example.com', 'Patrícia Lima', '2626262626', 'Palmas', 'TO', 'senha26'),
('cliente27@example.com', 'Ricardo Duarte', '2727272727', 'Rio Branco', 'AC', 'senha27'),
('cliente28@example.com', 'Camila Santana', '2828282828', 'Porto Velho', 'RO', 'senha28'),
('cliente29@example.com', 'André Azevedo', '2929292929', 'São Paulo', 'SP', 'senha29'),
('cliente30@example.com', 'Lívia Guimarães', '3030303030', 'Rio de Janeiro', 'RJ', 'senha30');

INSERT INTO Devolucao (id_devolucao, data_devolucao, condicao_veiculo, custos_adicionais, id_carro) VALUES
(1, '2023-01-01', 'Boa', 0.0, 1),
(2, '2023-01-02', 'Boa', 50.0, 2),
(3, '2023-01-03', 'Regular', 100.0, 3),
(4, '2023-01-04', 'Boa', 0.0, 4),
(5, '2023-01-05', 'Boa', 0.0, 5),
(6, '2023-01-06', 'Ruim', 150.0, 6),
(7, '2023-01-07', 'Regular', 75.0, 7),
(8, '2023-01-08', 'Boa', 0.0, 8),
(9, '2023-01-09', 'Boa', 0.0, 9),
(10, '2023-01-10', 'Regular', 50.0, 10),
(11, '2023-01-11', 'Ruim', 200.0, 11),
(12, '2023-01-12', 'Boa', 0.0, 12),
(13, '2023-01-13', 'Regular', 100.0, 13),
(14, '2023-01-14', 'Boa', 0.0, 14),
(15, '2023-01-15', 'Boa', 0.0, 15),
(16, '2023-01-16', 'Ruim', 150.0, 16),
(17, '2023-01-17', 'Regular', 75.0, 17),
(18, '2023-01-18', 'Boa', 0.0, 18),
(19, '2023-01-19', 'Boa', 0.0, 19),
(20, '2023-01-20', 'Regular', 50.0, 20),
(21, '2023-01-21', 'Ruim', 200.0, 21),
(22, '2023-01-22', 'Boa', 0.0, 22),
(23, '2023-01-23', 'Regular', 100.0, 23),
(24, '2023-01-24', 'Boa', 0.0, 24),
(25, '2023-01-25', 'Boa', 0.0, 25),
(26, '2023-01-26', 'Ruim', 150.0, 26),
(27, '2023-01-27', 'Regular', 75.0, 27),
(28, '2023-01-28', 'Boa', 0.0, 28),
(29, '2023-01-29', 'Boa', 0.0, 29),
(30, '2023-01-30', 'Regular', 50.0, 30);

INSERT INTO Funcionario (email, senha, nome, telefone, cargo, id_agencia) VALUES
('funcionario1@example.com', 'senha1', 'João Silva', '1111111111', 'Gerente', 1),
('funcionario2@example.com', 'senha2', 'Maria Oliveira', '2222222222', 'Atendente', 2),
('funcionario3@example.com', 'senha3', 'Pedro Souza', '3333333333', 'Mecânico', 3),
('funcionario4@example.com', 'senha4', 'Ana Lima', '4444444444', 'Vendedor', 4),
('funcionario5@example.com', 'senha5', 'Lucas Ferreira', '5555555555', 'Gerente', 5),
('funcionario6@example.com', 'senha6', 'Julia Pereira', '6666666666', 'Atendente', 6),
('funcionario7@example.com', 'senha7', 'Carlos Santos', '7777777777', 'Mecânico', 7),
('funcionario8@example.com', 'senha8', 'Fernanda Almeida', '8888888888', 'Vendedor', 8),
('funcionario9@example.com', 'senha9', 'Paulo Rodrigues', '9999999999', 'Gerente', 9),
('funcionario10@example.com', 'senha10', 'Mariana Gomes', '1010101010', 'Atendente', 10),
('funcionario11@example.com', 'senha11', 'Rafael Costa', '1111111122', 'Mecânico', 11),
('funcionario12@example.com', 'senha12', 'Larissa Ribeiro', '1212121212', 'Vendedor', 12),
('funcionario13@example.com', 'senha13', 'Rodrigo Carvalho', '1313131313', 'Gerente', 13),
('funcionario14@example.com', 'senha14', 'Amanda Mendes', '1414141414', 'Atendente', 14),
('funcionario15@example.com', 'senha15', 'Gabriel Teixeira', '1515151515', 'Mecânico', 15),
('funcionario16@example.com', 'senha16', 'Renata Rocha', '1616161616', 'Vendedor', 16),
('funcionario17@example.com', 'senha17', 'Bruno Barbosa', '1717171717', 'Gerente', 17),
('funcionario18@example.com', 'senha18', 'Isabela Martins', '1818181818', 'Atendente', 18),
('funcionario19@example.com', 'senha19', 'Felipe Pinto', '1919191919', 'Mecânico', 19),
('funcionario20@example.com', 'senha20', 'Natália Lopes', '2020202020', 'Vendedor', 20),
('funcionario21@example.com', 'senha21', 'Gustavo Fernandes', '2121212121', 'Gerente', 21),
('funcionario22@example.com', 'senha22', 'Bianca Correia', '2222222222', 'Atendente', 22),
('funcionario23@example.com', 'senha23', 'Leandro Nunes', '2323232323', 'Mecânico', 23),
('funcionario24@example.com', 'senha24', 'Vanessa Cardoso', '2424242424', 'Vendedor', 24),
('funcionario25@example.com', 'senha25', 'Tiago Freitas', '2525252525', 'Gerente', 25),
('funcionario26@example.com', 'senha26', 'Patrícia Lima', '2626262626', 'Atendente', 26),
('funcionario27@example.com', 'senha27', 'Ricardo Duarte', '2727272727', 'Mecânico', 27),
('funcionario28@example.com', 'senha28', 'Camila Santana', '2828282828', 'Vendedor', 28),
('funcionario29@example.com', 'senha29', 'André Azevedo', '2929292929', 'Gerente', 29),
('funcionario30@example.com', 'senha30', 'Lívia Guimarães', '3030303030', 'Atendente', 30);

INSERT INTO Manutencao (id_manutencao, data_manutencao, descricao, custo, id_carro) VALUES
(1, '2023-01-01', 'Troca de óleo', 100.0, 1),
(2, '2023-01-02', 'Substituição de pneus', 400.0, 2),
(3, '2023-01-03', 'Revisão de freios', 300.0, 3),
(4, '2023-01-04', 'Alinhamento e balanceamento', 150.0, 4),
(5, '2023-01-05', 'Troca de bateria', 250.0, 5),
(6, '2023-01-06', 'Reparação de motor', 1000.0, 6),
(7, '2023-01-07', 'Revisão geral', 500.0, 7),
(8, '2023-01-08', 'Troca de óleo', 100.0, 8),
(9, '2023-01-09', 'Substituição de correia dentada', 350.0, 9),
(10, '2023-01-10', 'Troca de velas', 200.0, 10),
(11, '2023-01-11', 'Revisão de suspensão', 450.0, 11),
(12, '2023-01-12', 'Substituição de faróis', 300.0, 12),
(13, '2023-01-13', 'Troca de óleo', 100.0, 13),
(14, '2023-01-14', 'Revisão de ar condicionado', 200.0, 14),
(15, '2023-01-15', 'Reparação de transmissão', 800.0, 15),
(16, '2023-01-16', 'Substituição de filtros', 150.0, 16),
(17, '2023-01-17', 'Revisão de sistema elétrico', 250.0, 17),
(18, '2023-01-18', 'Troca de pastilhas de freio', 200.0, 18),
(19, '2023-01-19', 'Revisão de escapamento', 300.0, 19),
(20, '2023-01-20', 'Troca de óleo', 100.0, 20),
(21, '2023-01-21', 'Substituição de retrovisores', 150.0, 21),
(22, '2023-01-22', 'Revisão de sistema de injeção', 400.0, 22),
(23, '2023-01-23', 'Revisão de direção hidráulica', 350.0, 23),
(24, '2023-01-24', 'Troca de óleo', 100.0, 24),
(25, '2023-01-25', 'Reparação de sistema de arrefecimento', 500.0, 25),
(26, '2023-01-26', 'Revisão de sistema de freio ABS', 300.0, 26),
(27, '2023-01-27', 'Substituição de pára-brisas', 600.0, 27),
(28, '2023-01-28', 'Troca de óleo', 100.0, 28),
(29, '2023-01-29', 'Revisão de sistema de transmissão', 750.0, 29),
(30, '2023-01-30', 'Reparação de motor', 1000.0, 30);

INSERT INTO Reserva (id_reserva, data_reserva, data_devolucao, placa, email) VALUES
(1, '2023-01-01', '2023-01-10', 'ABC1234', 'cliente1@example.com'),
(2, '2023-01-02', '2023-01-11', 'DEF5678', 'cliente2@example.com'),
(3, '2023-01-03', '2023-01-12', 'GHI9101', 'cliente3@example.com'),
(4, '2023-01-04', '2023-01-13', 'JKL2345', 'cliente4@example.com'),
(5, '2023-01-05', '2023-01-14', 'MNO6789', 'cliente5@example.com'),
(6, '2023-01-06', '2023-01-15', 'PQR1234', 'cliente6@example.com'),
(7, '2023-01-07', '2023-01-16', 'STU5678', 'cliente7@example.com'),
(8, '2023-01-08', '2023-01-17', 'VWX9101', 'cliente8@example.com'),
(9, '2023-01-09', '2023-01-18', 'YZA2345', 'cliente9@example.com'),
(10, '2023-01-10', '2023-01-19', 'BCD6789', 'cliente10@example.com'),
(11, '2023-01-11', '2023-01-20', 'EFG1234', 'cliente11@example.com'),
(12, '2023-01-12', '2023-01-21', 'HIJ5678', 'cliente12@example.com'),
(13, '2023-01-13', '2023-01-22', 'KLM9101', 'cliente13@example.com'),
(14, '2023-01-14', '2023-01-23', 'NOP2345', 'cliente14@example.com'),
(15, '2023-01-15', '2023-01-24', 'QRS6789', 'cliente15@example.com'),
(16, '2023-01-16', '2023-01-25', 'TUV1234', 'cliente16@example.com'),
(17, '2023-01-17', '2023-01-26', 'WXY5678', 'cliente17@example.com'),
(18, '2023-01-18', '2023-01-27', 'ZAB9101', 'cliente18@example.com'),
(19, '2023-01-19', '2023-01-28', 'CDE2345', 'cliente19@example.com'),
(20, '2023-01-20', '2023-01-29', 'FGH6789', 'cliente20@example.com'),
(21, '2023-01-21', '2023-01-30', 'IJK1234', 'cliente21@example.com'),
(22, '2023-01-22', '2023-01-31', 'LMN5678', 'cliente22@example.com'),
(23, '2023-01-23', '2023-02-01', 'OPQ9101', 'cliente23@example.com'),
(24, '2023-01-24', '2023-02-02', 'RST2345', 'cliente24@example.com'),
(25, '2023-01-25', '2023-02-03', 'UVW6789', 'cliente25@example.com'),
(26, '2023-01-26', '2023-02-04', 'XYZ1234', 'cliente26@example.com'),
(27, '2023-01-27', '2023-02-05', 'ABC5678', 'cliente27@example.com'),
(28, '2023-01-28', '2023-02-06', 'DEF9101', 'cliente28@example.com'),
(29, '2023-01-29', '2023-02-07', 'GHI2345', 'cliente29@example.com'),
(30, '2023-01-30', '2023-02-08', 'JKL6789', 'cliente30@example.com');

INSERT INTO Seguro (id_seguro, seguradora, tipo_seguro, cobertura, data_inicio, data_fim, valor, id_carro) VALUES
(1, 'Seguradora A', 'Seguro Total', 'Cobertura ampla', '2023-01-01', '2023-01-31', 500.0, 1),
(2, 'Seguradora B', 'Seguro Total', 'Cobertura ampla', '2023-02-01', '2023-02-28', 550.0, 2),
(3, 'Seguradora C', 'Seguro Total', 'Cobertura ampla', '2023-03-01', '2023-03-31', 600.0, 3),
(4, 'Seguradora D', 'Seguro Total', 'Cobertura ampla', '2023-04-01', '2023-04-30', 650.0, 4),
(5, 'Seguradora E', 'Seguro Total', 'Cobertura ampla', '2023-05-01', '2023-05-31', 700.0, 5),
(6, 'Seguradora F', 'Seguro Total', 'Cobertura ampla', '2023-06-01', '2023-06-30', 750.0, 6),
(7, 'Seguradora G', 'Seguro Total', 'Cobertura ampla', '2023-07-01', '2023-07-31', 800.0, 7),
(8, 'Seguradora H', 'Seguro Total', 'Cobertura ampla', '2023-08-01', '2023-08-31', 850.0, 8),
(9, 'Seguradora I', 'Seguro Total', 'Cobertura ampla', '2023-09-01', '2023-09-30', 900.0, 9),
(10, 'Seguradora J', 'Seguro Total', 'Cobertura ampla', '2023-10-01', '2023-10-31', 950.0, 10),
(11, 'Seguradora A', 'Seguro Total', 'Cobertura básica', '2023-11-01', '2023-11-30', 400.0, 11),
(12, 'Seguradora B', 'Seguro Total', 'Cobertura básica', '2023-12-01', '2023-12-31', 450.0, 12),
(13, 'Seguradora C', 'Seguro Total', 'Cobertura básica', '2024-01-01', '2024-01-31', 500.0, 13),
(14, 'Seguradora D', 'Seguro Total', 'Cobertura básica', '2024-02-01', '2024-02-29', 550.0, 14),
(15, 'Seguradora E', 'Seguro Total', 'Cobertura básica', '2024-03-01', '2024-03-31', 600.0, 15),
(16, 'Seguradora F', 'Seguro Total', 'Cobertura básica', '2024-04-01', '2024-04-30', 650.0, 16),
(17, 'Seguradora G', 'Seguro Total', 'Cobertura básica', '2024-05-01', '2024-05-31', 700.0, 17),
(18, 'Seguradora H', 'Seguro Total', 'Cobertura básica', '2024-06-01', '2024-06-30', 750.0, 18),
(19, 'Seguradora I', 'Seguro Total', 'Cobertura básica', '2024-07-01', '2024-07-31', 800.0, 19),
(20, 'Seguradora J', 'Seguro Total', 'Cobertura básica', '2024-08-01', '2024-08-31', 850.0, 20),
(21, 'Seguradora A', 'Seguro Total', 'Cobertura ampla', '2024-09-01', '2024-09-30', 900.0, 21),
(22, 'Seguradora B', 'Seguro Total', 'Cobertura ampla', '2024-10-01', '2024-10-31', 950.0, 22),
(23, 'Seguradora C', 'Seguro Total', 'Cobertura ampla', '2024-11-01', '2024-11-30', 1000.0, 23),
(24, 'Seguradora D', 'Seguro Total', 'Cobertura ampla', '2024-12-01', '2024-12-31', 1050.0, 24),
(25, 'Seguradora E', 'Seguro Total', 'Cobertura ampla', '2025-01-01', '2025-01-31', 1100.0, 25),
(26, 'Seguradora F', 'Seguro Total', 'Cobertura ampla', '2025-02-01', '2025-02-28', 1150.0, 26),
(27, 'Seguradora G', 'Seguro Total', 'Cobertura ampla', '2025-03-01', '2025-02-28', 1150.0, 27),
(28, 'Seguradora G', 'Seguro Total', 'Cobertura ampla', '2025-03-01', '2025-02-28', 1150.0, 28),
(29, 'Seguradora G', 'Seguro Total', 'Cobertura ampla', '2025-03-01', '2025-02-28', 1150.0, 29),
(30, 'Seguradora G', 'Seguro Total', 'Cobertura ampla', '2025-03-01', '2025-02-28', 1150.0, 30);

INSERT INTO Carros (id_carro, placa, ano, modelo, disponibilidade, tipo, valor) VALUES
(31, 'MNO1234', 2019, 'Toyota Corolla', 'Disponível', 'Sedan', 120.00),
(32, 'PQR5678', 2020, 'Honda Civic', 'Disponível', 'Sedan', 130.00),
(33, 'STU9012', 2021, 'Ford Mustang', 'Indisponível', 'Esportivo', 300.00),
(34, 'VWX3456', 2018, 'Chevrolet Camaro', 'Disponível', 'Esportivo', 280.00),
(35, 'YZA7890', 2020, 'BMW X5', 'Disponível', 'SUV', 250.00),
(36, 'BCD2345', 2019, 'Audi Q7', 'Indisponível', 'SUV', 260.00),
(37, 'EFG6789', 2018, 'Mercedes-Benz GLC', 'Disponível', 'SUV', 240.00),
(38, 'HIJ1234', 2020, 'Volkswagen Golf', 'Disponível', 'Hatchback', 110.00),
(39, 'KLM5678', 2017, 'Hyundai Elantra', 'Disponível', 'Sedan', 115.00),
(40, 'NOP9012', 2019, 'Kia Optima', 'Disponível', 'Sedan', 120.00),
(41, 'QRS3456', 2021, 'Tesla Model 3', 'Disponível', 'Sedan', 200.00),
(42, 'TUV7890', 2020, 'Nissan Leaf', 'Disponível', 'Hatchback', 150.00),
(43, 'WXY2345', 2018, 'Mazda CX-5', 'Indisponível', 'SUV', 130.00),
(44, 'ZAB6789', 2019, 'Subaru Outback', 'Disponível', 'SUV', 140.00),
(45, 'CDE1234', 2020, 'Jeep Cherokee', 'Disponível', 'SUV', 160.00),
(46, 'FGH5678', 2021, 'Toyota RAV4', 'Disponível', 'SUV', 170.00),
(47, 'IJK9012', 2017, 'Ford Explorer', 'Indisponível', 'SUV', 180.00),
(48, 'LMN3456', 2018, 'Chevrolet Tahoe', 'Disponível', 'SUV', 190.00),
(49, 'OPQ7890', 2019, 'GMC Yukon', 'Disponível', 'SUV', 200.00),
(50, 'RST2345', 2020, 'Dodge Durango', 'Disponível', 'SUV', 210.00),
(51, 'UVW6789', 2021, 'Honda CR-V', 'Disponível', 'SUV', 220.00),
(52, 'XYZ1234', 2018, 'Hyundai Santa Fe', 'Disponível', 'SUV', 230.00),
(53, 'ABC5678', 2019, 'Mazda CX-9', 'Disponível', 'SUV', 240.00),
(54, 'DEF9012', 2020, 'Volkswagen Tiguan', 'Disponível', 'SUV', 250.00),
(55, 'GHI3456', 2017, 'Ford F-150', 'Indisponível', 'Caminhonete', 260.00),
(56, 'JKL7890', 2018, 'Chevrolet Silverado', 'Disponível', 'Caminhonete', 270.00),
(57, 'MNO2345', 2019, 'RAM 1500', 'Disponível', 'Caminhonete', 280.00),
(58, 'PQR6789', 2020, 'Toyota Tacoma', 'Disponível', 'Caminhonete', 290.00),
(59, 'STU1234', 2021, 'Nissan Frontier', 'Disponível', 'Caminhonete', 300.00),
(60, 'VWX5678', 2018, 'Honda Ridgeline', 'Disponível', 'Caminhonete', 310.00);

INSERT INTO Agencia (id_agencia, num_agencia, contato, endereco, cidade, estado, id_carro) VALUES
(31, 131, 'contato31@example.com', 'Rua EE, 2828', 'São Paulo', 'SP', 31),
(32, 132, 'contato32@example.com', 'Rua FF, 2929', 'Rio de Janeiro', 'RJ', 32),
(33, 133, 'contato33@example.com', 'Rua GG, 3030', 'Belo Horizonte', 'MG', 33),
(34, 134, 'contato34@example.com', 'Rua HH, 3131', 'Curitiba', 'PR', 34),
(35, 135, 'contato35@example.com', 'Rua II, 3232', 'Porto Alegre', 'RS', 35),
(36, 136, 'contato36@example.com', 'Rua JJ, 3333', 'Salvador', 'BA', 36),
(37, 137, 'contato37@example.com', 'Rua KK, 3434', 'Recife', 'PE', 37),
(38, 138, 'contato38@example.com', 'Rua LL, 3535', 'Fortaleza', 'CE', 38),
(39, 139, 'contato39@example.com', 'Rua MM, 3636', 'Brasília', 'DF', 39),
(40, 140, 'contato40@example.com', 'Rua NN, 3737', 'Manaus', 'AM', 40),
(41, 141, 'contato41@example.com', 'Rua OO, 3838', 'Belém', 'PA', 41),
(42, 142, 'contato42@example.com', 'Rua PP, 3939', 'Goiânia', 'GO', 42),
(43, 143, 'contato43@example.com', 'Rua QQ, 4040', 'Campinas', 'SP', 43),
(44, 144, 'contato44@example.com', 'Rua RR, 4141', 'São Luís', 'MA', 44),
(45, 145, 'contato45@example.com', 'Rua SS, 4242', 'Maceió', 'AL', 45),
(46, 146, 'contato46@example.com', 'Rua TT, 4343', 'Natal', 'RN', 46),
(47, 147, 'contato47@example.com', 'Rua UU, 4444', 'Teresina', 'PI', 47),
(48, 148, 'contato48@example.com', 'Rua VV, 4545', 'João Pessoa', 'PB', 48),
(49, 149, 'contato49@example.com', 'Rua WW, 4646', 'Aracaju', 'SE', 49),
(50, 150, 'contato50@example.com', 'Rua XX, 4747', 'Florianópolis', 'SC', 50),
(51, 151, 'contato51@example.com', 'Rua YY, 4848', 'Vitória', 'ES', 51),
(52, 152, 'contato52@example.com', 'Rua ZZ, 4949', 'Campo Grande', 'MS', 52),
(53, 153, 'contato53@example.com', 'Rua AAA, 5050', 'Cuiabá', 'MT', 53),
(54, 154, 'contato54@example.com', 'Rua BBB, 5151', 'Macapá', 'AP', 54),
(55, 155, 'contato55@example.com', 'Rua CCC, 5252', 'Boa Vista', 'RR', 55),
(56, 156, 'contato56@example.com', 'Rua DDD, 5353', 'Palmas', 'TO', 56),
(57, 157, 'contato57@example.com', 'Rua EEE, 5454', 'Rio Branco', 'AC', 57),
(58, 158, 'contato58@example.com', 'Rua FFF, 5555', 'Porto Velho', 'RO', 58),
(59, 159, 'contato59@example.com', 'Rua GGG, 5656', 'São Paulo', 'SP', 59),
(60, 160, 'contato60@example.com', 'Rua HHH, 5757', 'Rio de Janeiro', 'RJ', 60);

INSERT INTO Cliente (email, nome, telefone, cidade, estado, senha) VALUES
('cliente31@example.com', 'Fernando Oliveira', '3131313131', 'São Paulo', 'SP', 'senha31'),
('cliente32@example.com', 'Aline Silva', '3232323232', 'Rio de Janeiro', 'RJ', 'senha32'),
('cliente33@example.com', 'José Santos', '3333333333', 'Belo Horizonte', 'MG', 'senha33'),
('cliente34@example.com', 'Carolina Souza', '3434343434', 'Curitiba', 'PR', 'senha34'),
('cliente35@example.com', 'Mateus Lima', '3535353535', 'Porto Alegre', 'RS', 'senha35'),
('cliente36@example.com', 'Luana Ferreira', '3636363636', 'Salvador', 'BA', 'senha36'),
('cliente37@example.com', 'Diego Pereira', '3737373737', 'Recife', 'PE', 'senha37'),
('cliente38@example.com', 'Isadora Almeida', '3838383838', 'Fortaleza', 'CE', 'senha38'),
('cliente39@example.com', 'Rafaela Rodrigues', '3939393939', 'Brasília', 'DF', 'senha39'),
('cliente40@example.com', 'Vinícius Gomes', '4040404040', 'Manaus', 'AM', 'senha40'),
('cliente41@example.com', 'Patrícia Costa', '4141414141', 'Belém', 'PA', 'senha41'),
('cliente42@example.com', 'Guilherme Ribeiro', '4242424242', 'Goiânia', 'GO', 'senha42'),
('cliente43@example.com', 'Juliana Carvalho', '4343434343', 'Campinas', 'SP', 'senha43'),
('cliente44@example.com', 'Andréa Mendes', '4444444444', 'São Luís', 'MA', 'senha44'),
('cliente45@example.com', 'Fábio Teixeira', '4545454545', 'Maceió', 'AL', 'senha45'),
('cliente46@example.com', 'Letícia Rocha', '4646464646', 'Natal', 'RN', 'senha46'),
('cliente47@example.com', 'Marcelo Barbosa', '4747474747', 'Teresina', 'PI', 'senha47'),
('cliente48@example.com', 'Nathalia Martins', '4848484848', 'João Pessoa', 'PB', 'senha48'),
('cliente49@example.com', 'Gustavo Pinto', '4949494949', 'Aracaju', 'SE', 'senha49'),
('cliente50@example.com', 'Patricia Lopes', '5050505050', 'Florianópolis', 'SC', 'senha50'),
('cliente51@example.com', 'Rafael Fernandes', '5151515151', 'Vitória', 'ES', 'senha51'),
('cliente52@example.com', 'Marina Correia', '5252525252', 'Campo Grande', 'MS', 'senha52'),
('cliente53@example.com', 'Leonardo Nunes', '5353535353', 'Cuiabá', 'MT', 'senha53'),
('cliente54@example.com', 'Vanessa Cardoso', '5454545454', 'Macapá', 'AP', 'senha54'),
('cliente55@example.com', 'Tiago Freitas', '5555555555', 'Boa Vista', 'RR', 'senha55'),
('cliente56@example.com', 'Patrícia Lima', '5656565656', 'Palmas', 'TO', 'senha56'),
('cliente57@example.com', 'Ricardo Duarte', '5757575757', 'Rio Branco', 'AC', 'senha57'),
('cliente58@example.com', 'Camila Santana', '5858585858', 'Porto Velho', 'RO', 'senha58'),
('cliente59@example.com', 'André Azevedo', '5959595959', 'São Paulo', 'SP', 'senha59'),
('cliente60@example.com', 'Lívia Guimarães', '6060606060', 'Rio de Janeiro', 'RJ', 'senha60');

INSERT INTO Devolucao (id_devolucao, data_devolucao, condicao_veiculo, custos_adicionais, id_carro) VALUES
(31, '2023-02-01', 'Boa', 0.0, 31),
(32, '2023-02-02', 'Boa', 50.0, 32),
(33, '2023-02-03', 'Regular', 100.0, 33),
(34, '2023-02-04', 'Boa', 0.0, 34),
(35, '2023-02-05', 'Boa', 0.0, 35),
(36, '2023-02-06', 'Ruim', 150.0, 36),
(37, '2023-02-07', 'Regular', 75.0, 37),
(38, '2023-02-08', 'Boa', 0.0, 38),
(39, '2023-02-09', 'Boa', 0.0, 39),
(40, '2023-02-10', 'Regular', 50.0, 40),
(41, '2023-02-11', 'Ruim', 200.0, 41),
(42, '2023-02-12', 'Boa', 0.0, 42),
(43, '2023-02-13', 'Regular', 100.0, 43),
(44, '2023-02-14', 'Boa', 0.0, 44),
(45, '2023-02-15', 'Boa', 0.0, 45),
(46, '2023-02-16', 'Ruim', 150.0, 46),
(47, '2023-02-17', 'Regular', 75.0, 47),
(48, '2023-02-18', 'Boa', 0.0, 48),
(49, '2023-02-19', 'Boa', 0.0, 49),
(50, '2023-02-20', 'Regular', 50.0, 50),
(51, '2023-02-21', 'Ruim', 200.0, 51),
(52, '2023-02-22', 'Boa', 0.0, 52),
(53, '2023-02-23', 'Regular', 100.0, 53),
(54, '2023-02-24', 'Boa', 0.0, 54),
(55, '2023-02-25', 'Boa', 0.0, 55),
(56, '2023-02-26', 'Ruim', 150.0, 56),
(57, '2023-02-27', 'Regular', 75.0, 57),
(58, '2023-02-28', 'Boa', 0.0, 58),
(59, '2023-03-01', 'Boa', 0.0, 59),
(60, '2023-03-02', 'Regular', 50.0, 60);

INSERT INTO Funcionario (email, senha, nome, telefone, cargo, id_agencia) VALUES
('funcionario31@example.com', 'senha1', 'João Silva', '1111111111', 'Gerente', 31),
('funcionario32@example.com', 'senha2', 'Maria Oliveira', '2222222222', 'Atendente', 32),
('funcionario33@example.com', 'senha3', 'Pedro Souza', '3333333333', 'Mecânico', 33),
('funcionario34@example.com', 'senha4', 'Ana Lima', '4444444444', 'Vendedor', 34),
('funcionario35@example.com', 'senha5', 'Lucas Ferreira', '5555555555', 'Gerente', 35),
('funcionario36@example.com', 'senha6', 'Julia Pereira', '6666666666', 'Atendente', 36),
('funcionario37@example.com', 'senha7', 'Carlos Santos', '7777777777', 'Mecânico', 37),
('funcionario38@example.com', 'senha8', 'Fernanda Almeida', '8888888888', 'Vendedor', 38),
('funcionario39@example.com', 'senha9', 'Paulo Rodrigues', '9999999999', 'Gerente', 39),
('funcionario40@example.com', 'senha10', 'Mariana Gomes', '1010101010', 'Atendente', 40),
('funcionario41@example.com', 'senha11', 'Rafael Costa', '1111111122', 'Mecânico', 41),
('funcionario42@example.com', 'senha12', 'Larissa Ribeiro', '1212121212', 'Vendedor', 42),
('funcionario43@example.com', 'senha13', 'Rodrigo Carvalho', '1313131313', 'Gerente', 43),
('funcionario44@example.com', 'senha14', 'Amanda Mendes', '1414141414', 'Atendente', 44),
('funcionario45@example.com', 'senha15', 'Gabriel Teixeira', '1515151515', 'Mecânico', 45),
('funcionario46@example.com', 'senha16', 'Renata Rocha', '1616161616', 'Vendedor', 46),
('funcionario47@example.com', 'senha17', 'Bruno Barbosa', '1717171717', 'Gerente', 47),
('funcionario48@example.com', 'senha18', 'Isabela Martins', '1818181818', 'Atendente', 48),
('funcionario49@example.com', 'senha19', 'Felipe Pinto', '1919191919', 'Mecânico', 49),
('funcionario50@example.com', 'senha20', 'Natália Lopes', '2020202020', 'Vendedor', 50),
('funcionario51@example.com', 'senha21', 'Gustavo Fernandes', '2121212121', 'Gerente', 51),
('funcionario52@example.com', 'senha22', 'Bianca Correia', '2222222222', 'Atendente', 52),
('funcionario53@example.com', 'senha23', 'Leandro Nunes', '2323232323', 'Mecânico', 53),
('funcionario54@example.com', 'senha24', 'Vanessa Cardoso', '2424242424', 'Vendedor', 54),
('funcionario55@example.com', 'senha25', 'Tiago Freitas', '2525252525', 'Gerente', 55),
('funcionario56@example.com', 'senha26', 'Patrícia Lima', '2626262626', 'Atendente', 56),
('funcionario57@example.com', 'senha27', 'Ricardo Duarte', '2727272727', 'Mecânico', 57),
('funcionario58@example.com', 'senha28', 'Camila Santana', '2828282828', 'Vendedor', 58),
('funcionario59@example.com', 'senha29', 'André Azevedo', '2929292929', 'Gerente', 59),
('funcionario60@example.com', 'senha30', 'Lívia Guimarães', '3030303030', 'Atendente', 60);

INSERT INTO Manutencao (id_manutencao, data_manutencao, descricao, custo, id_carro) VALUES
(31, '2023-02-01', 'Troca de óleo', 100.0, 1),
(32, '2023-02-02', 'Substituição de pneus', 400.0, 2),
(33, '2023-02-03', 'Revisão de freios', 300.0, 3),
(34, '2023-02-04', 'Alinhamento e balanceamento', 150.0, 4),
(35, '2023-02-05', 'Troca de bateria', 250.0, 5),
(36, '2023-02-06', 'Reparação de motor', 1000.0, 6),
(37, '2023-02-07', 'Revisão geral', 500.0, 7),
(38, '2023-02-08', 'Troca de óleo', 100.0, 8),
(39, '2023-02-09', 'Substituição de correia dentada', 350.0, 9),
(40, '2023-02-10', 'Troca de velas', 200.0, 10),
(41, '2023-02-11', 'Revisão de suspensão', 450.0, 11),
(42, '2023-02-12', 'Substituição de faróis', 300.0, 12),
(43, '2023-02-13', 'Troca de óleo', 100.0, 13),
(44, '2023-02-14', 'Revisão de ar condicionado', 200.0, 14),
(45, '2023-02-15', 'Reparação de transmissão', 800.0, 15),
(46, '2023-02-16', 'Substituição de filtros', 150.0, 16),
(47, '2023-02-17', 'Revisão de sistema elétrico', 250.0, 17),
(48, '2023-02-18', 'Troca de pastilhas de freio', 200.0, 18),
(49, '2023-02-19', 'Revisão de escapamento', 300.0, 19),
(50, '2023-02-20', 'Troca de óleo', 100.0, 20),
(51, '2023-02-21', 'Substituição de retrovisores', 150.0, 21),
(52, '2023-02-22', 'Revisão de sistema de injeção', 400.0, 22),
(53, '2023-02-23', 'Revisão de direção hidráulica', 350.0, 23),
(54, '2023-02-24', 'Troca de óleo', 100.0, 24),
(55, '2023-02-25', 'Reparação de sistema de arrefecimento', 500.0, 25),
(56, '2023-02-26', 'Revisão de sistema de freio ABS', 300.0, 26),
(57, '2023-02-27', 'Substituição de pára-brisas', 600.0, 27),
(58, '2023-02-28', 'Troca de óleo', 100.0, 28),
(59, '2023-02-22', 'Revisão de sistema de transmissão', 750.0, 29),
(60, '2023-03-01', 'Reparação de motor', 1000.0, 30);

INSERT INTO Reserva (id_reserva, data_reserva, data_devolucao, placa, email) VALUES
(31, '2023-02-01', '2023-02-09', 'MNO1234', 'cliente1@example.com'),
(32, '2023-02-02', '2023-02-10', 'PQR5678', 'cliente2@example.com'),
(33, '2023-02-03', '2023-02-11', 'STU9101', 'cliente3@example.com'),
(34, '2023-02-04', '2023-02-12', 'VWX2345', 'cliente4@example.com'),
(35, '2023-02-05', '2023-02-13', 'YZA6789', 'cliente5@example.com'),
(36, '2023-02-06', '2023-02-14', 'BCD1234', 'cliente6@example.com'),
(37, '2023-02-07', '2023-02-15', 'EFG5678', 'cliente7@example.com'),
(38, '2023-02-08', '2023-02-16', 'HIJ9101', 'cliente8@example.com'),
(39, '2023-02-09', '2023-02-17', 'KLM2345', 'cliente9@example.com'),
(40, '2023-02-10', '2023-02-18', 'NOP6789', 'cliente10@example.com'),
(41, '2023-02-11', '2023-02-19', 'QRS1234', 'cliente11@example.com'),
(42, '2023-02-12', '2023-02-20', 'TUV5678', 'cliente12@example.com'),
(43, '2023-02-13', '2023-02-21', 'WXY9101', 'cliente13@example.com'),
(44, '2023-02-14', '2023-02-22', 'ZAB2345', 'cliente14@example.com'),
(45, '2023-02-15', '2023-02-23', 'CDE6789', 'cliente15@example.com'),
(46, '2023-02-16', '2023-02-24', 'FGH1234', 'cliente16@example.com'),
(47, '2023-02-17', '2023-02-25', 'IJK5678', 'cliente17@example.com'),
(48, '2023-02-18', '2023-02-26', 'LMN9101', 'cliente18@example.com'),
(49, '2023-02-19', '2023-02-27', 'OPQ2345', 'cliente19@example.com'),
(50, '2023-02-20', '2023-02-28', 'RST6789', 'cliente20@example.com'),
(51, '2023-02-21', '2023-03-01', 'UVW1234', 'cliente21@example.com'),
(52, '2023-02-22', '2023-03-02', 'XYZ5678', 'cliente22@example.com'),
(53, '2023-02-23', '2023-03-03', 'ABC9101', 'cliente23@example.com'),
(54, '2023-02-24', '2023-03-04', 'DEF2345', 'cliente24@example.com'),
(55, '2023-02-25', '2023-03-05', 'GHI6789', 'cliente25@example.com'),
(56, '2023-02-26', '2023-03-06', 'JKL1234', 'cliente26@example.com'),
(57, '2023-02-27', '2023-03-07', 'MNO5678', 'cliente27@example.com'),
(58, '2023-02-28', '2023-03-08', 'PQR9101', 'cliente28@example.com'),
(59, '2023-03-01', '2023-03-09', 'STU2345', 'cliente29@example.com'),
(60, '2023-03-02', '2023-03-10', 'VWX6789', 'cliente30@example.com');

INSERT INTO Seguro (id_seguro, seguradora, tipo_seguro, cobertura, data_inicio, data_fim, valor, id_carro) VALUES
(31, 'Seguradora H', 'Seguro Total', 'Cobertura ampla', '2025-04-01', '2025-04-30', 1200.0, 1),
(32, 'Seguradora I', 'Seguro Total', 'Cobertura ampla', '2025-05-01', '2025-05-31', 1250.0, 2),
(33, 'Seguradora J', 'Seguro Total', 'Cobertura ampla', '2025-06-01', '2025-06-30', 1300.0, 3),
(34, 'Seguradora A', 'Seguro Total', 'Cobertura ampla', '2025-07-01', '2025-07-31', 1350.0, 4),
(35, 'Seguradora B', 'Seguro Total', 'Cobertura ampla', '2025-08-01', '2025-08-31', 1400.0, 5),
(36, 'Seguradora C', 'Seguro Total', 'Cobertura ampla', '2025-09-01', '2025-09-30', 1450.0, 6),
(37, 'Seguradora D', 'Seguro Total', 'Cobertura ampla', '2025-10-01', '2025-10-31', 1500.0, 7),
(38, 'Seguradora E', 'Seguro Total', 'Cobertura ampla', '2025-11-01', '2025-11-30', 1550.0, 8),
(39, 'Seguradora F', 'Seguro Total', 'Cobertura ampla', '2025-12-01', '2025-12-31', 1600.0, 9),
(40, 'Seguradora G', 'Seguro Total', 'Cobertura ampla', '2026-01-01', '2026-01-31', 1650.0, 10),
(41, 'Seguradora H', 'Seguro Total', 'Cobertura ampla', '2026-02-01', '2026-02-28', 1700.0, 11),
(42, 'Seguradora I', 'Seguro Total', 'Cobertura ampla', '2026-03-01', '2026-03-31', 1750.0, 12),
(43, 'Seguradora J', 'Seguro Total', 'Cobertura ampla', '2026-04-01', '2026-04-30', 1800.0, 13),
(44, 'Seguradora A', 'Seguro Total', 'Cobertura ampla', '2026-05-01', '2026-05-31', 1850.0, 14),
(45, 'Seguradora B', 'Seguro Total', 'Cobertura ampla', '2026-06-01', '2026-06-30', 1900.0, 15),
(46, 'Seguradora C', 'Seguro Total', 'Cobertura ampla', '2026-07-01', '2026-07-31', 1950.0, 16),
(47, 'Seguradora D', 'Seguro Total', 'Cobertura ampla', '2026-08-01', '2026-08-31', 2000.0, 17),
(48, 'Seguradora E', 'Seguro Total', 'Cobertura ampla', '2026-09-01', '2026-09-30', 2050.0, 18),
(49, 'Seguradora F', 'Seguro Total', 'Cobertura ampla', '2026-10-01', '2026-10-31', 2100.0, 19),
(50, 'Seguradora G', 'Seguro Total', 'Cobertura ampla', '2026-11-01', '2026-11-30', 2150.0, 20),
(51, 'Seguradora H', 'Seguro Total', 'Cobertura ampla', '2026-12-01', '2026-12-31', 2200.0, 21),
(52, 'Seguradora I', 'Seguro Total', 'Cobertura ampla', '2027-01-01', '2027-01-31', 2250.0, 22),
(53, 'Seguradora J', 'Seguro Total', 'Cobertura ampla', '2027-02-01', '2027-02-28', 2300.0, 23),
(54, 'Seguradora A', 'Seguro Total', 'Cobertura ampla', '2027-03-01', '2027-03-31', 2350.0, 24),
(55, 'Seguradora B', 'Seguro Total', 'Cobertura ampla', '2027-04-01', '2027-03-31', 2350.0, 24),
(56, 'Seguradora B', 'Seguro Total', 'Cobertura ampla', '2027-04-01', '2027-03-31', 2350.0, 24),
(57, 'Seguradora B', 'Seguro Total', 'Cobertura ampla', '2027-04-01', '2027-03-31', 2350.0, 24),
(58, 'Seguradora B', 'Seguro Total', 'Cobertura ampla', '2027-04-01', '2027-03-31', 2350.0, 24),
(59, 'Seguradora B', 'Seguro Total', 'Cobertura ampla', '2027-04-01', '2027-03-31', 2350.0, 24),
(60, 'Seguradora B', 'Seguro Total', 'Cobertura ampla', '2027-04-01', '2027-03-31', 2350.0, 24);
